id,name,itin,ein,street_address,city,state
0,Robert Lynch,934-78-2061,42-9154549,158 Jones Locks,East Amyville,Connecticut
1,Jacob Lawson,978-94-2682,98-0774013,25747 Katelyn Circles,Davisbury,Texas
2,James Jordan,982-92-7526,88-1312358,936 Anna Crest,Rodriguezport,Montana
3,Kevin Berg,985-75-9439,60-4259842,6630 Gregory Turnpike Suite 907,West Connieshire,Wisconsin
4,Deborah Peterson,948-79-5038,10-5618461,04830 Sheila Glen Suite 271,Port Annside,Florida
5,Steve Simpson,998-82-9153,90-5215367,93162 Nicholas Point,Vasquezhaven,Louisiana
6,Brittany Keith,947-87-6379,50-5623049,396 Adams Orchard,Lake Nicholas,Pennsylvania
7,Thomas Guerrero,989-79-6916,25-7863586,77787 Michael Center,North Christopher,Arkansas
8,Erica Robbins,967-97-4442,76-8332209,2211 Waters Mission Suite 878,New Crystal,Maryland
9,Brandon Smith DDS,929-77-7914,54-0148597,5916 Michael Green,Lindsaybury,Missouri
10,Kirsten Collins,928-98-3941,73-8772943,957 Vincent Vista,West Rachel,Ohio
11,Dylan Edwards,930-85-8660,55-4069049,5165 Crystal Mountain Suite 292,Hawkinstown,Kansas
12,Ashley Brown,917-78-7389,66-2304106,0348 Phillips Avenue Apt. 737,Port Kevin,Louisiana
13,Katherine Flynn,900-97-1564,34-7296286,180 Kelly Path,Bakermouth,Indiana
14,Michael Miller,952-87-8157,59-0510411,5927 Jonathan Summit,Beanside,Michigan
15,Thomas Kerr,905-92-6483,26-9805125,32730 Bell Springs,Port Colleenberg,Illinois
16,Susan Roth,990-95-4196,94-3116756,94776 Kelly Glens,New Janicemouth,Utah
17,Samantha Lambert,993-80-3167,95-6887394,37972 Jeffrey Landing Apt. 152,East Lisaside,Georgia
18,David Brooks,933-85-6147,58-2197274,0848 Sonia Lodge Suite 088,North Todd,Nevada
19,Sarah Marsh,921-84-8438,38-4746065,53246 Williams Ports,Emilyborough,Ohio
20,Joshua Lowery,979-91-2415,14-6619606,161 Gabriel Spur,Johnton,Oregon
21,Laura Hood,997-83-5850,30-5000489,0998 Shelley Landing,Bestside,Massachusetts
22,Anthony Reynolds,901-77-2241,32-8863611,425 Lewis Island,Mcconnellburgh,Wyoming
23,Melissa Lopez,925-75-1406,72-6042623,0156 Taylor Forest Apt. 893,Darrenburgh,Tennessee
24,Alyssa Barker,924-73-7079,22-6820346,5161 Allison Harbors Suite 101,Reyesview,Delaware
25,Danny Daniels,928-84-3738,34-2681610,1051 Monica Glen,Amberchester,Michigan
26,Debra Clark PhD,927-96-4358,80-0311471,43978 Scott Fields Apt. 304,Lake Maria,Hawaii
27,Joseph Miller,920-71-9596,63-2417614,3256 Gregory Forge Apt. 452,Port Davidport,Ohio
28,Shawn Lopez,964-94-5015,31-3814009,215 Davis Port Apt. 800,North Chelseaport,Iowa
29,Jennifer English,968-86-7631,38-1968222,3397 Adrienne Manor,Ortegaville,New Hampshire
30,Jennifer Alvarez,931-94-3709,10-2176366,207 Breanna Bridge Suite 128,Lake Rebecca,Texas
31,John Green,933-92-2340,80-7239162,3957 Snyder Loop,South Bonnie,Maine
32,Mr. Charles Olson,910-71-1533,85-4673207,8006 Jackson Ferry,West Andreaberg,Wyoming
33,Daniel Hudson,902-99-1971,27-8600759,762 Dawn Viaduct,Lake Danielside,Indiana
34,Jeffrey Mendoza,944-80-5253,52-9995525,95131 Burgess Junctions,West Derek,New Mexico
35,Caleb Cook,975-86-8391,04-3302892,4293 White Field,New Sabrina,New Mexico
36,Francisco Williams,935-82-8648,60-3071895,78577 Kenneth Turnpike,Salazarland,New York
37,Taylor Hernandez,974-84-3870,85-9367042,436 Golden Junction,Gonzalezmouth,Mississippi
38,Lisa Weaver,981-77-0482,39-0740777,001 Jackson Cliffs,Stewartmouth,Louisiana
39,Marie Brown,994-72-3194,82-7140041,3547 Whitehead Crescent,Harringtonton,Florida
40,Joshua Fernandez,956-86-1978,05-1518909,778 Bass Glen,New Brendatown,Hawaii
41,Amber Morrison,982-77-4090,31-9185620,02973 Troy Crest Apt. 965,Hartburgh,Hawaii
42,Michael Weaver,966-81-2774,33-0455270,7365 Michael Wells Suite 259,West Michael,Arizona
43,Alexis Leonard,932-97-2943,54-6617315,734 Williams Field Suite 378,Lake Nicholaston,Maryland
44,Stephen Brown,944-86-4798,53-7552290,54240 Robinson Lock,West Matthew,Alabama
45,David Becker,988-74-5882,24-8419493,1176 Small Parks Suite 560,Riceville,Mississippi
46,Nicholas Holmes,906-74-2885,99-9651415,94378 Gates Road Suite 116,Brandiburgh,Montana
47,Linda Hernandez,913-95-9885,52-9121607,91426 Charles Lake,North Stephaniehaven,New Mexico
48,Chris Martin,998-79-9454,65-3770545,5738 Huber Shores,Daniellemouth,North Dakota
49,Katherine Green,999-70-3017,47-1859211,614 Rivera Motorway,Griffintown,Missouri
50,Denise Stone,992-96-9650,02-6493955,865 Simpson Stream Suite 516,East Tonychester,Maine
51,Rebecca Brown,950-85-6674,87-8858700,9872 Jason Run Suite 821,Johnsonborough,Virginia
52,Charles Davis,901-97-7217,87-3113809,232 Jessica Spur Apt. 530,East Barbaramouth,Montana
53,Kyle Lee,992-99-3568,98-4588029,998 Susan Summit,West Kevinton,Virginia
54,Todd Davis,947-81-6211,34-8392802,7293 Bond Circle,Josestad,Wyoming
55,Anne Cook,943-96-7183,41-3151605,5738 Stephanie Mill,New Annaside,Florida
56,Willie Schmidt,925-86-8021,14-4830082,060 Velasquez Drive,Weaverhaven,Oklahoma
57,Brianna Collins,915-90-0260,64-3008795,6261 Jones Turnpike,Singhbury,Alaska
58,Courtney Anderson,996-95-8361,33-5768304,5951 Megan Park,North Heidistad,Texas
59,Brenda Lambert,929-90-0353,23-6586727,80903 Dixon Hills Suite 875,Howardborough,New York
60,Shane Smith,943-88-3701,83-6041970,87180 Edward Corners Apt. 646,Lake Cathyside,Ohio
61,Christina Berger,909-81-3983,25-7034431,354 Rivera Valleys Apt. 153,Townsendburgh,Wyoming
62,Sarah Figueroa,904-79-3725,64-0469155,7305 Henderson Passage Apt. 090,Lake Melinda,Iowa
63,Joseph Brock,901-82-7412,03-0761894,0685 Welch Lane,Pricefort,Indiana
64,Michael Kidd,922-88-4065,22-3147391,638 Cross Brooks,Keithmouth,Iowa
65,Leonard Bryant,997-77-2080,60-1511185,38344 Cantrell Junctions Apt. 855,Beasleyburgh,Oklahoma
66,Angel Ryan,941-84-4946,12-6230853,28004 Rebecca Plaza,Washingtonville,Nevada
67,Seth Guerrero,917-86-8483,95-2670236,561 Lloyd Trafficway Apt. 691,New Marktown,Louisiana
68,Colleen Hanson,989-76-4593,27-2069725,84192 Glass Hill Apt. 617,Port Jacquelinefurt,Oregon
69,David Moore,901-92-6360,42-4358393,3429 Sarah Parkways Suite 949,New Thomas,Arizona
70,Anthony Morris,985-96-5426,57-3776425,8444 Weaver Haven,Port Jonchester,North Carolina
71,Timothy Lozano,981-70-4065,58-6728757,73347 Miller Hill Apt. 549,Mirandatown,Kansas
72,Jonathan Miller,967-80-6021,67-5185023,4988 John Path,West Justinfort,Colorado
73,Matthew Scott,925-74-3313,93-7782180,4121 Andrew Island,Medinaland,Alaska
74,Sarah Taylor,995-81-6939,61-1873086,975 Natasha Parkway,Lake Jo,New Mexico
75,Courtney Newman,922-84-7386,67-8183165,0314 Moore Road,Mataside,Delaware
76,Aaron Hodges,939-76-0810,38-7035000,9139 Cervantes Bridge,Dunnside,Georgia
77,Jon Harper,958-90-7751,54-8380210,20335 Kelley Lock Suite 494,West Brittanytown,Montana
78,Sarah Bright,994-72-1960,58-8205469,138 Martinez Trace,Thompsonburgh,Massachusetts
79,Michelle Rivera,954-78-9427,13-0687175,522 Davis Overpass Suite 361,Maymouth,Mississippi
80,Jeffrey Huang,948-81-9659,99-8352888,171 Ruiz Island Suite 477,West Nicholas,Florida
81,Andrew Peters,947-75-6869,10-1643691,193 Cain Squares Suite 567,Port Michaelville,Vermont
82,Sarah Parker,942-70-0469,58-7093360,210 Linda Meadow,Lake William,Massachusetts
83,Frank Martinez,912-97-7015,30-8290291,454 Alexandria Throughway,Port Ronald,Colorado
84,Jay Thomas,919-74-9737,84-3543012,545 Robinson Summit,West Sharonside,Nevada
85,David Clark,975-84-9370,31-0000764,450 Grant Lakes,West Kellyside,Washington
86,Maria Dalton,977-80-3501,39-2867614,52032 Taylor Terrace Suite 957,Claychester,Wisconsin
87,David Adams,952-95-7973,41-0792283,469 Harris Circles,South Robertton,New Jersey
88,Troy Warner MD,944-75-3738,10-4595408,2734 Ibarra Plaza,Huntburgh,Colorado
89,Lance Hernandez,957-86-8248,05-3757923,621 Robertson Pass Apt. 241,Jacobport,North Dakota
90,Cynthia Moran,933-76-1620,30-1252474,03847 Banks Highway Apt. 114,Port William,California
91,Daniel Smith,950-78-9687,22-7237564,0591 Williams Groves Apt. 069,West Heidi,Michigan
92,Natasha Smith,962-76-3955,05-6447392,186 Rita Road,North Michael,Arkansas
93,Julie Bartlett,985-77-7410,24-5227639,0640 Johnson Cliffs Suite 580,Reynoldshaven,Nebraska
94,Richard Mccall,901-78-6768,85-2832344,812 Trujillo Burg,West Virginiaville,California
95,Christina Wagner,927-98-6545,37-6850418,19629 Mcmahon Key Apt. 368,Robersonburgh,Minnesota
96,Jeremy Kent,947-92-2461,25-0433649,917 Jenkins Course Suite 598,Curtisshire,Michigan
97,Andrew Wright,931-70-5988,61-1052548,1762 Evans Brook,Clarkville,Pennsylvania
98,Elizabeth Wise,908-91-8846,43-6320296,040 Myers Mission Suite 127,Piercefort,Mississippi
99,Lauren Moore,923-74-3324,27-3593599,6233 Smith Junctions,Michaelview,Kansas
100,Cathy Gallagher,988-94-1999,76-7153050,52564 Morgan Camp Apt. 646,New Davidbury,Rhode Island
101,Melinda Cook,991-85-9821,13-1634839,8361 Peter Junctions Apt. 149,Kennethshire,Wyoming
102,Joshua James,960-76-6458,72-2620944,7964 Isaiah Station Suite 223,New Elizabeth,Illinois
103,Joseph Turner,946-99-5701,39-6665279,631 Sandra Oval,Seanshire,Tennessee
104,Christopher Wagner,955-70-5708,16-6453461,25646 Robert Forks Suite 981,Casehaven,Iowa
105,Jerry Jones,958-84-7914,25-0754096,7341 Anna Plain,Randallburgh,Alaska
106,Jessica Kennedy,939-75-7195,83-4316891,8589 Elizabeth Drive,Jillton,Maryland
107,Mary Diaz,975-85-9921,80-7051394,3498 King Court Suite 842,Greenland,Arkansas
108,Matthew Martin,928-84-6727,87-2408224,416 Lang Burgs Apt. 919,North Adamfurt,Hawaii
109,Michael Mann,961-86-3444,80-5865264,7693 Kimberly Roads,South Wendyhaven,Louisiana
110,Cory Boyd,906-78-4712,54-5098552,23537 Webb Parkway Apt. 054,New Jasonstad,North Carolina
111,Mr. Joseph Mata,909-83-7659,02-9387291,8172 Spencer Vista Suite 992,Port Justin,Alabama
112,John Gallegos,930-77-2787,57-3754123,0323 Gregory Causeway Suite 638,Barbarabury,Arizona
113,Bob Miller,981-84-2316,85-1212798,0345 Blair Ramp Suite 000,West Alexandriashire,Idaho
114,Julia Barton,918-87-1505,27-0316769,5384 Diaz Garden,Lake Vanessa,Colorado
115,David Morgan,984-70-1104,33-2829711,784 Dillon Terrace Suite 798,Lake Judith,South Carolina
116,Amy Winters,986-87-2948,34-0652047,467 Miguel Springs,West Julie,Colorado
117,Brandon Adams,994-72-8248,77-8716946,488 Ford Falls Suite 851,Kevinton,Delaware
118,Christopher Moran,961-72-9765,39-5632246,5573 Greer Rapids Apt. 077,Cartertown,Louisiana
119,Audrey Glass,959-87-2414,44-0663187,596 Mack Cape,Port Alexanderchester,Virginia
120,Kathryn Turner,978-96-6923,54-2101115,37464 Ryan Island Suite 939,West Brandy,California
121,Patrick Gray,968-76-9818,64-9755810,617 Richard Lights Suite 783,Port Michael,Georgia
122,Jerry Johnson,981-72-2702,12-1029157,66625 Joseph Glen Apt. 493,North Michaelbury,Virginia
123,Kenneth Guzman,960-81-4179,42-2065832,0760 Jack Villages Suite 479,Brandiland,Connecticut
124,Kristen Rhodes,952-92-4561,98-2098503,5889 Eric Dam Apt. 634,Connerside,Oklahoma
125,Michelle Fox,972-71-7802,22-8448999,720 Sean Terrace,Lake Robert,Ohio
126,Gabriel Roach,996-80-7977,32-8498155,539 Thompson Causeway Suite 068,West Dylanberg,Massachusetts
127,Ronald Webb,906-80-9925,90-5493669,077 Davis Manors,Robertchester,Montana
128,Marvin Hill,992-80-6950,33-3008294,441 Pineda Port Apt. 606,Maymouth,California
129,Brittany Ward,939-75-8161,58-6332415,455 Watson Track Apt. 292,Port Calvin,Texas
130,Jose Miller,962-70-1100,26-8258341,8409 Gibbs Fields,Stephensberg,Iowa
131,Elizabeth Martin,996-98-6341,85-4541224,54207 Jose Gateway,Barbaraside,Oklahoma
132,David Jackson,932-96-1758,16-7169855,45685 King Port Apt. 478,Port Timothy,New Hampshire
133,Monica Zamora,939-85-3144,88-0731444,38910 Anderson Isle,Jefferytown,Nevada
134,Robert Mills,946-82-8218,14-5805243,70519 Kimberly Cape Apt. 598,Crossmouth,Massachusetts
135,Gary Mccoy,914-86-9172,48-1397293,6349 Fernandez Burgs,West Linda,Washington
136,Rebecca Wallace,971-72-4316,21-0842406,219 Welch Light,North Karla,Illinois
137,Michael Stewart,987-76-9226,37-5231015,96040 Cruz Track Suite 628,Harveyborough,Georgia
138,Amy Lindsey,970-75-5891,02-2092585,7177 Patricia Harbor,New Thomasside,New Jersey
139,Jesus Moore,933-76-8705,55-7966344,7339 Adam Roads,South Linda,Kansas
140,Charles Palmer,929-96-3615,60-6504414,75428 Janice Ramp Apt. 391,New Ashley,Texas
141,Jennifer Murillo,969-95-9347,34-1199514,5452 Edward Well,Hahntown,Texas
142,James Kennedy,925-80-2782,66-7226044,5475 Schwartz Ramp,Watsonbury,Oregon
143,Andrew Hernandez,963-71-1011,23-4313329,915 Charles Isle,North Jamestown,Vermont
144,Travis Ray,945-72-3333,41-6770051,112 Mcdonald Meadows Suite 608,Mackmouth,North Carolina
145,James White,918-70-4476,61-5930131,62407 Andrea Dale Apt. 925,New Lisaside,New Hampshire
146,Shannon Bailey,956-75-2449,39-8329280,51012 Fischer Village Apt. 342,East Matthewton,West Virginia
147,Haley Hurst,904-72-8386,20-2274147,09868 Bradford Causeway,Lake Virginiaport,Kansas
148,Stephanie Elliott,984-82-0234,65-4936994,4373 White Prairie,South Jacobtown,Delaware
149,James Anderson PhD,965-81-4199,66-3140974,0339 Sullivan Knolls,Port Michelle,Vermont
150,Stephanie Turner,918-86-9476,46-5402924,11654 Martinez Inlet,Jessicachester,North Carolina
151,Nancy Dawson,953-71-3560,12-2074783,891 Cheryl Oval,East Brookeshire,Massachusetts
152,Robert Watts,938-74-6977,63-5835364,6069 Olson Courts,Stevenchester,Washington
153,Albert Ellis,994-70-3806,15-0362558,94494 Glover Union Apt. 686,Allenburgh,Delaware
154,Raymond Ruiz,985-94-4096,16-2125215,0579 Jessica Via,Thompsonland,Tennessee
155,Carly Rodriguez,935-76-9801,55-0677623,09154 Angela Trail,Lindseybury,Indiana
156,James Jones,973-75-0377,74-7368990,141 Jessica Meadow,South Amandaburgh,New Mexico
157,Hannah Reyes,910-96-5738,81-4874545,5331 Lopez Springs Suite 492,Marthaland,Connecticut
158,David Newton,950-77-7520,90-3728793,6075 Wiley Underpass Suite 501,New Amberfurt,New York
159,Christopher Fisher,971-75-9798,63-9363637,9459 Arellano Locks,New Emily,Hawaii
160,James Hunter,997-71-6275,60-7548897,321 Cameron Island,East Melanie,Arkansas
161,Christine Miller,973-96-4101,37-8200222,7103 Sims Pine,New Rachelhaven,Wyoming
162,Kimberly Smith,963-94-0355,84-6194436,564 Jose Circle Apt. 180,Lindafort,Pennsylvania
163,Steven Carson,989-71-7516,37-3271665,3031 Jennifer Street,Gabrielahaven,Iowa
164,William Meyer,987-72-5829,62-2002672,9128 Brooks Way Suite 762,Connerberg,Virginia
165,David Tran,970-84-4064,94-3019279,847 Hill Mountains,Brianville,Arkansas
166,Matthew Potter,998-98-8347,86-6239549,307 Brown Union Apt. 457,North Garymouth,Kansas
167,Mark Todd,998-76-2167,41-2482819,827 Bryant Island Suite 172,North Eric,Wyoming
168,Michael Williams,904-86-0780,20-3215797,5835 Thomas Summit Apt. 481,West Monica,West Virginia
169,Angela Brown,941-94-5661,80-2782376,58275 April Turnpike Suite 710,Jillianport,Tennessee
170,Amanda Williams,960-70-4963,30-5822258,29215 Stephanie Ford Suite 345,South Jennifer,Oregon
171,Ryan Gonzalez,917-73-2511,42-9013954,0387 Patricia Plains,New Alexander,Kentucky
172,Jasmine Pratt,975-92-2222,25-1078800,22025 Suzanne Expressway,Melissamouth,California
173,John Edwards,921-73-0090,85-6843073,6503 Schneider Forge,Lake Williefort,Michigan
174,Richard Lee,943-78-2397,46-6140931,9908 Johnson Rue Suite 564,Robinsonside,Rhode Island
175,Jeffrey Allen,991-96-9484,91-7489324,852 Good Lock Suite 623,Michaelbury,South Carolina
176,Robert Gonzales,912-99-1958,25-2013942,81080 Robert Drives Apt. 329,Martintown,Ohio
177,Heather Silva,971-70-0369,25-6485329,11855 Megan Well Apt. 907,Phillipshaven,Virginia
178,Crystal Griffin,971-78-7553,67-3895258,668 Brittany Drive Apt. 174,North Natasha,Kansas
179,Brandy Crosby,946-76-2224,32-0586849,731 Sharp Passage Apt. 729,Stephaniemouth,Vermont
180,Ralph Summers,911-88-6308,88-4142378,2646 Bond Coves Apt. 436,Bowentown,Ohio
181,Duane Lucero,964-90-6235,12-2014609,3257 Douglas Islands Apt. 572,Karimouth,Wyoming
182,Stephanie Cole,931-88-8841,56-3109464,55838 Wilkerson Mission,Ashleytown,West Virginia
183,Samuel Gonzalez,981-90-4060,03-2500769,4256 Horton Ranch,Gonzalezberg,North Carolina
184,Mrs. Casey Taylor,979-84-0066,62-7473200,7877 Johnson Trail,West Nicole,Alaska
185,Betty Davidson,984-72-8373,61-3547586,235 Barr Vista,Lake Ashleyburgh,New Mexico
186,Jason Mann,952-79-4729,04-1300230,18096 Harris Union Suite 301,North Kyleton,Pennsylvania
187,Kim Watson,962-76-8537,26-8930529,65558 George Pass,Josephfort,Washington
188,Terry Fernandez,916-77-0812,53-4332677,8812 Gordon Avenue,Thomasbury,Oregon
189,William Wilkerson,923-90-2764,35-7798585,85391 Galvan Drives Apt. 659,North Laura,Kentucky
190,Sandra Stephens,963-83-2624,84-4471580,33698 Smith Rest Apt. 494,Valerieville,Virginia
191,Janet Crosby,949-84-6864,58-6083466,566 Whitney Glens,East Jasonshire,Pennsylvania
192,Lawrence Potts,903-90-9832,81-8379629,6977 Carl Camp Suite 029,Lake Kaitlynville,Kentucky
193,Mackenzie Mccormick,915-80-1254,54-8562764,5895 Russell Shoals,Port Kellyborough,Missouri
194,Jessica Allen MD,915-83-3816,62-5497954,29382 Roberto Turnpike Apt. 875,East Aaronhaven,Alabama
195,Angela Turner,930-90-6780,33-1156232,782 Joel Mountains Apt. 344,Peterstown,Missouri
196,Caitlin Love,982-94-0972,12-7626346,555 Brett Tunnel,Mathisburgh,Utah
197,Sara Oneill,917-90-2305,98-4959236,1393 Christopher Crest Suite 542,Mendozaview,Kansas
198,Tracy Cunningham,970-78-2979,22-0226453,582 Vincent Village Suite 005,Sarahborough,South Carolina
199,Rebekah Washington,962-84-5050,62-7057086,83845 Ryan Rue,New Mauricemouth,Ohio
200,Christine Weaver,916-74-1159,76-2420744,1031 Kelly Drive Apt. 867,Hintonstad,Nebraska
201,Terri Vazquez,976-87-0387,99-1562962,074 Arias Spring Apt. 941,Lake Stevenmouth,Michigan
202,Ashlee Flores,967-77-9241,01-5117517,098 Mark Turnpike Apt. 423,Port David,Pennsylvania
203,Julie Miller,990-79-9981,39-7047641,1600 Heidi Garden,West Glendaside,California
204,Lori Wyatt,912-80-9792,62-3523076,819 Hopkins Meadow,Wandaburgh,Pennsylvania
205,Patricia Sutton,911-74-9418,47-4794247,770 Shannon Spurs,Thompsonton,Iowa
206,John Anderson,911-85-4067,41-4683922,54354 Ray Mill,Patrickstad,Mississippi
207,Leslie Green,960-74-2413,32-2411910,48307 Diana Gardens Suite 602,Lake Catherineside,New Hampshire
208,Shawn Williams,980-72-8907,41-7177239,824 Elizabeth Estates Apt. 714,Danbury,Louisiana
209,Benjamin Davidson,946-96-8914,58-5764975,7869 Carr Lane,Brittanychester,North Carolina
210,Rachel Nguyen,987-97-4950,65-1972247,327 Combs Vista,Davidmouth,Indiana
211,James Garcia,928-77-1641,38-0293906,4247 Tony Trace,Christianton,Nebraska
212,Lucas Rogers,967-75-4067,88-7154396,8711 Kathleen Mill,Williamsfort,Virginia
213,Megan Graham,917-76-9012,06-7014328,3840 Howard Stravenue Apt. 840,Royland,Minnesota
214,Emily Thompson,930-74-0036,75-9451362,6917 Brian Crest,Marymouth,Idaho
215,Jennifer Valdez,997-95-2685,72-7872818,4320 Mark Inlet,East Rachaelmouth,Delaware
216,Richard Castro,935-91-9276,58-7168048,0672 Gabrielle Lakes,East Alyssashire,Illinois
217,Jessica English,988-80-0440,47-4645767,549 Michelle Light,East Rachaeltown,Illinois
218,Joshua Williams,980-88-9190,84-8519337,081 Barbara Fields,Stevenborough,Washington
219,Sean Owens,963-81-9153,42-1157615,543 Everett Views Apt. 562,South Terrence,Arizona
220,Donald Leblanc,979-79-9848,48-6093231,167 Jeremy Knolls,West Casey,Georgia
221,Miranda Vargas,907-87-7858,71-7097232,41261 Matthew Isle,Alexandraville,Kansas
222,Natalie Brown,933-94-5070,55-1272639,74107 Lisa Mall,Vargasview,Nevada
223,Maria Williams,986-94-8770,92-5603792,04654 Shannon Streets,Lukeport,Arizona
224,Julia Anderson,955-82-4493,91-5273591,44925 Brooks Viaduct Suite 126,New Tina,Nevada
225,Steven Sims,930-87-1268,39-7572300,25776 Hernandez Bypass,Hutchinsonport,Washington
226,Steven Riddle,993-76-9146,05-3995954,444 Gibbs Springs Apt. 847,North Sheila,Florida
227,John Hughes,975-97-5063,22-6994270,90006 April Freeway Suite 866,North Annetteside,Alabama
228,Erin Harrell DDS,960-72-6884,95-5926757,9899 Long Manors,Port Alexisborough,West Virginia
229,James Gonzales MD,996-73-7323,80-3509168,96647 Thomas Road,North Aaronmouth,New York
230,Catherine James,949-96-6401,40-9493026,44438 Duarte Villages Suite 192,West Jessicamouth,Illinois
231,Amy Gregory,908-80-8754,74-5151764,609 White Hill Apt. 003,Jennifershire,Tennessee
232,Dr. Brianna Hickman,958-77-3167,16-8575710,6239 Robert Well Suite 371,Beckyshire,Montana
233,Nicholas Solomon,942-83-1251,50-0240499,8715 Joe Parkway,North Christine,Louisiana
234,Amy Bradshaw,984-97-1150,53-1889823,106 Jessica Valleys,Ronnieton,Michigan
235,Mark Moreno,983-82-6146,73-9500565,00548 Nelson Forks,Davisfurt,Kentucky
236,Rebecca Williams,948-84-9981,27-3400469,537 Herring Estates,Lake Gary,Colorado
237,Latoya Porter,928-85-0437,51-9073714,33022 Jared Club,Lake Robert,Nevada
238,Jason Morris,999-91-9398,61-0906979,99320 Crawford Tunnel,Michelleton,Michigan
239,William Delgado,959-83-2553,84-1524642,77454 Mata Spring Suite 071,West Grace,Vermont
240,Mr. James Bishop MD,974-72-1423,88-6739694,002 Callahan Fort Suite 444,New Ericchester,Kentucky
241,Richard Berry,966-79-8438,43-1317628,481 Lee Radial Suite 772,North Kelli,Maine
242,Joy Bolton,982-80-2208,24-4178953,4536 Allen Passage Apt. 712,Stephaniemouth,Michigan
243,Jennifer Bennett,909-79-1184,57-0065379,3946 Hill Plain Apt. 899,North Justin,Kansas
244,Kevin Wright,995-71-8903,93-8001005,25344 Vasquez Square,West Rachel,Minnesota
245,Mr. Carl Schmidt,916-82-2938,38-0907355,2375 Karen Villages,Lake Dennisstad,Maine
246,Amy Bean,985-74-6759,95-0600757,107 Ellis Underpass,Wagnerberg,Missouri
247,Jamie Grant,947-88-9236,99-1923700,6685 Brian Junction,Derekmouth,Colorado
248,Natalie Rodriguez,930-87-7744,30-8209261,45496 Wilson Springs,South Jenniferton,Utah
249,Debbie Wood,914-80-3597,02-6834014,02867 Robinson Heights,Lake Thomasmouth,Utah
250,Matthew Martinez,914-77-4540,40-4031048,063 Michael Road Apt. 128,Port Brent,Montana
251,Michael Mendoza,953-85-0172,55-8230416,42479 Russell Stravenue Suite 079,North Jon,Arkansas
252,Charles Williams,920-97-1746,63-1852777,050 Regina Spur Apt. 999,Evanstown,Washington
253,Terry Garza,924-82-6191,30-0492186,485 Spencer Spur Suite 751,Leefort,Rhode Island
254,Kyle Delgado,946-70-0096,62-5671067,33101 Gilbert Inlet,East Brianton,Rhode Island
255,Joshua Guerra,975-99-0681,27-3233808,6018 Amy Mission Apt. 919,North Gregory,Washington
256,Amanda Shepard,949-87-5208,35-8542506,1056 Coleman Shoal,South Joseph,Florida
257,Norman Montgomery,913-86-4288,93-8143565,8129 Murphy Trace,Jamesfort,Massachusetts
258,Ryan Thomas,950-90-5585,59-6553245,132 Black Place,South Briantown,North Dakota
259,Christopher Booth,957-88-8411,72-5109347,31546 Jacob Mission,Newtonton,Florida
260,John Ball,916-74-9436,92-1715027,77337 Ashley Glens Apt. 706,New Jeremyshire,Minnesota
261,Thomas Carson,966-74-1141,31-4344462,26318 Angela Mews,East Michael,Massachusetts
262,Justin Trevino,982-84-9561,64-1384498,766 Jeremy Coves,New Jasonland,California
263,Wesley Blake,938-91-3544,30-0519124,557 Cook Spring,Martinezton,Vermont
264,Patricia Lloyd,901-76-9848,66-6327955,77734 Johnson Terrace Apt. 448,Port Matthew,Colorado
265,Luis Castro,953-78-1046,51-9774661,849 Elliott Mount,Sarachester,Missouri
266,Jennifer Warren,962-96-7575,61-1085978,870 Hansen Track,North Alexander,Montana
267,Adam Landry,945-90-6138,16-7191474,38947 Scott Wells Apt. 848,East Charlestown,Vermont
268,Grant May,959-73-0991,81-4461732,077 Salinas Trail,Lake Stephaniebury,Maryland
269,Danielle Nguyen,927-71-8001,71-3032565,16050 Travis Squares,South Mariah,Wyoming
270,Matthew Stark,967-74-5597,48-5468807,89690 Yoder Locks,Yolandashire,Pennsylvania
271,Kristen Johnson,949-75-2665,42-4483854,0707 Oneill Point Suite 704,West Robert,South Dakota
272,Natalie Barajas,915-95-1377,71-6423366,3355 Jackson Vista Suite 873,Mezaville,Louisiana
273,Daniel Vargas,907-75-4547,88-3567375,644 Walsh Vista,New Lisa,New Mexico
274,Daniel Ward,965-74-4301,73-5472297,4470 Olson Tunnel Suite 221,New Ashleyside,Georgia
275,Stephen Morales,902-97-3195,02-1762103,88398 Thomas Radial,Justinbury,Delaware
276,Kathy Hughes,976-94-4992,27-5245231,323 Robinson Skyway Suite 506,Duncanmouth,Minnesota
277,Jessica Conrad,954-88-7072,81-9002956,191 Winters Isle Suite 646,Lake Kevinton,West Virginia
278,Diana Robinson,956-74-0025,03-5608018,092 Newman Mountains,Woodfort,Rhode Island
279,Michael Clark,959-72-8198,92-1913984,177 Bowman Inlet,Lisaport,Rhode Island
280,Lauren Robinson,979-95-9107,37-5768441,4006 Watson Branch Apt. 649,West Erictown,New York
281,Lori Mckay MD,916-79-0772,41-3808688,7255 Mary Rapid Suite 847,Conniehaven,Nebraska
282,Jessica Mills,949-96-8924,32-9830906,64305 Friedman Plain,Lake Derekstad,West Virginia
283,John Matthews,997-92-2092,43-1845540,9504 Deborah Square Apt. 026,North Jacqueline,Florida
284,Kimberly Pratt,952-85-4283,77-5176310,0805 Linda Mountain Suite 102,South Christopher,Michigan
285,Connie Johnson,943-83-7650,54-5012939,56279 Boyle Shore,Brewermouth,Florida
286,Gregory Morrow,942-94-9142,47-5590262,6546 Erik Expressway,Barbaramouth,Nevada
287,Kelly Fox,928-97-5398,20-7184545,672 Young Loop,South Mary,Georgia
288,Stephanie Barnes,928-70-1520,80-2706825,733 Deanna Village Suite 182,Kellytown,Mississippi
289,Cory Hamilton,917-94-2674,61-5533495,5247 Arnold Lights,Lake Lisa,Florida
290,Courtney Potter,906-96-0101,52-8063306,75967 Brown Ford,Thomashaven,Nebraska
291,Justin Chambers PhD,975-95-7501,14-0461197,888 Rivera Burg Suite 785,Reginaton,Missouri
292,Daniel Vazquez,958-86-3149,72-8112727,19216 Morales Flat Apt. 789,South Amystad,Georgia
293,Todd Thomas,953-95-1863,85-8222864,016 Cobb Village,Moorehaven,Mississippi
294,Amanda Hill,911-84-9154,90-8556483,24276 Mueller Circles,Wrightchester,Vermont
295,Timothy Thompson,923-71-4058,67-1807914,1484 Shaffer Spur,Lake Carlbury,South Carolina
296,Lisa Webb,949-80-7135,43-8084439,779 Stephen Village Apt. 692,Deniseton,North Dakota
297,Katherine Simmons,930-88-6979,21-6317037,430 Bobby Unions,South Curtisborough,Nebraska
298,Jason Nichols,973-73-5357,45-0913780,37563 Mitchell Knoll,East George,California
299,Bryan Bush,904-77-3365,83-8953545,362 Sullivan Turnpike Suite 806,Natalieside,Arizona
300,Tara Garcia,946-98-6988,02-0595306,791 Amanda Pine Apt. 119,Wandamouth,Colorado
301,Brittany Mclean,996-88-2492,73-2939886,38304 Smith Ville,East William,Maryland
302,Douglas Phillips,922-97-6844,91-7169921,7849 Brooks Course Apt. 062,Contrerasland,Delaware
303,Cassandra Swanson,939-91-7002,74-6600588,916 Taylor Valleys Apt. 423,Chelseaburgh,Nevada
304,Jeremy Hall MD,997-96-4591,41-2984316,8820 Hawkins Hollow Apt. 807,South Denise,Illinois
305,Tiffany Kirby,997-81-0542,73-7642603,473 Ford Divide,Wilcoxborough,Washington
306,David Andersen,946-96-4000,67-1303988,267 Charles Ranch,Vaughnberg,Kentucky
307,Kimberly Jackson,989-76-5286,51-8245283,88959 Wood Glen Apt. 452,East Thomasbury,Delaware
308,Sonia Wood,974-72-5877,50-5790624,39932 Jones Crossing Apt. 261,Turnerland,New Hampshire
309,Peggy Thomas,901-73-2084,30-9957659,3025 Mark Lights,Ralphview,Delaware
310,Jared Lloyd,996-76-9282,04-8762221,9341 Ward Mount Apt. 356,Hopkinsport,New Hampshire
311,Robert White,987-70-5979,82-8901531,402 Black Mill,Blairstad,Iowa
312,David Kelly,969-98-8610,92-5977376,16099 Stanley Union,Port Margaret,Washington
313,Alexander Murphy,919-79-1202,30-7477991,21392 Brooks Plain,East Raymond,Massachusetts
314,Paul Eaton,906-97-0841,95-1347094,21985 Angela Spring Suite 673,Nielsenmouth,North Carolina
315,Gregg Hutchinson,927-88-2288,21-4334475,46860 Smith Port,Hendersonmouth,Maryland
316,Aaron Henderson,961-82-1438,75-1011343,02127 Villa Passage Apt. 656,East Hollymouth,Louisiana
317,Gwendolyn Harris,963-88-2035,36-4207895,3803 Kirby Crossing Apt. 185,Lake Sheilabury,Wyoming
318,Robert Watson,915-73-0543,23-9756014,002 Scott Flat Suite 318,Mitchellmouth,Minnesota
319,Daniel Barton,957-80-8385,26-2432185,10844 Glenn Lakes,Brendastad,Kansas
320,Scott Miller,919-94-0669,35-7966125,195 Lee Branch,West Debra,Indiana
321,Patrick Phillips,939-90-4007,71-7973387,6596 Jones Track Apt. 382,Schneiderburgh,Hawaii
322,Seth Martin,922-88-0911,20-6537044,330 Mcpherson Crossing,South Terrihaven,North Carolina
323,Hannah Ayers,970-74-9511,51-6480782,16247 Robinson Cliffs Suite 405,Barrville,West Virginia
324,Jacob Perez,927-95-4261,64-5635528,6784 Katie Squares,West Kathrynfort,Arkansas
325,Christopher Kelly,923-90-9252,05-7097868,074 Arnold Freeway,Mosesshire,Wyoming
326,Philip Adams,908-70-5099,56-6479167,6722 Laura Bypass Suite 906,Atkinstown,Nebraska
327,Ryan Horton,975-95-4095,33-9834888,64659 Robert Ferry Suite 899,Hugheschester,Texas
328,Lisa Cox,902-97-2652,31-4644322,59420 Hernandez Hills Apt. 582,Freyville,Connecticut
329,David Moss,977-95-1165,88-9262400,5122 Joy Shoal,Lake Susanhaven,Alaska
330,Elizabeth Bates,967-77-6190,90-6512368,5656 Bishop Row,Thompsonside,Kentucky
331,Mary Garcia,906-92-8196,26-9698077,636 Hernandez Spurs Suite 975,Daltonport,New York
332,Jonathan Anderson,958-80-4338,73-8111239,19191 Bush Squares,Bernardton,Illinois
333,Danielle Barrett,958-73-1552,40-1769041,967 Tammy Terrace Suite 036,Port Margarethaven,Florida
334,Ashley Perez,935-80-4897,13-6840743,9564 Patricia Ville,South Carrietown,Wisconsin
335,Hailey Garner,916-97-9516,42-2264061,6111 Munoz Village,Kyletown,Pennsylvania
336,Aaron Hayes,926-78-4982,86-1840365,9392 Miller Forges Suite 679,Jonesfort,Texas
337,Sandra Yates,938-76-7085,26-9956450,2555 George Radial Suite 024,Gutierrezton,Alabama
338,Tina Martinez,977-87-8864,22-5622118,0219 Davis Stream Suite 575,Oliverfort,Maine
339,Melanie Bailey MD,935-82-1204,81-8848231,093 Eric Path Apt. 472,Lake Devin,Delaware
340,Frederick Bradley,912-97-3934,40-7518335,3124 Lisa View,Beardton,Virginia
341,Jennifer Thomas,964-76-1282,42-1915604,168 Glass Overpass,West Gregory,Hawaii
342,Duane Brooks,923-87-7525,32-8490065,3488 Dylan Island,North Patrick,Tennessee
343,Roger Chapman,975-95-5482,67-5245400,176 Benjamin Vista,Sharonbury,Idaho
344,Anthony Collins,994-97-6616,61-0171767,64061 Roy Overpass,West Stevenstad,Wisconsin
345,Daniel Navarro,938-72-3600,47-2474721,2068 Jason Roads Apt. 566,East Barbara,Colorado
346,Daniel Williams,941-88-1097,54-1057799,567 Snyder Springs,Lake Heather,Oregon
347,Matthew Welch,971-98-2815,24-6731768,33948 Smith Cliff Suite 926,West Katrinaland,North Carolina
348,Brooke Chapman,985-73-3351,91-9325712,7476 Reed Square,Fernandoville,Vermont
349,Melissa Morrison,902-75-9513,39-1339491,9154 Spencer Knolls,North Christopher,Washington
350,Jasmine Hall,977-72-4322,65-2073456,84902 Carpenter Spring,Robinsonland,Nevada
351,Deborah Hurst,966-82-2111,23-8505573,562 Marcus Inlet,Wandaberg,Nebraska
352,Eric Martin,946-94-4022,21-0122170,042 Maria Valley Apt. 655,Waltersburgh,North Carolina
353,Judy Rose,920-83-2384,95-6634849,4582 Cummings Locks,North Stephanie,Missouri
354,Anna Chang MD,973-80-5170,63-8090184,91470 Brewer Isle Suite 475,Harmonport,Montana
355,Kevin Wells,939-76-1609,50-1833436,59147 Richard Views Suite 639,North Frank,Alaska
356,Timothy Johnson,984-96-6699,64-0864590,9115 Robinson Hills Apt. 765,West Jeffrey,North Dakota
357,Crystal Gaines,927-73-1145,12-8707742,32858 Mallory Expressway,Crystalchester,West Virginia
358,Michael Bailey,930-80-8336,65-4022721,4672 Amy Flat,Robertsstad,North Carolina
359,Sarah Rice,974-79-1574,75-5259826,213 Christina Inlet,Brianshire,Illinois
360,Sonia Butler,922-87-6097,91-3893551,849 Justin Plain,Heatherland,Nebraska
361,Brian Pruitt,991-75-2307,32-5647283,863 Jonathan Junction,Hansonborough,Maryland
362,Dylan Carpenter,955-79-6922,81-4544759,550 Garrett Lakes,Susanborough,New Hampshire
363,Mr. Roy Herrera,978-84-2384,66-8529340,3485 Ashley Stream Apt. 702,East Patrick,Wyoming
364,Maureen Anderson,970-91-9525,94-0507366,2851 Hill Station,North Kim,Pennsylvania
365,Heather Anderson,984-94-3498,14-3650974,20067 Mcdonald Cape Suite 681,Christianstad,Tennessee
366,Jordan Moran,900-90-4052,90-0573801,942 Davis Views,Stephanietown,Maryland
367,Joshua Bishop,918-77-0016,92-6454322,94479 Williams Ville Suite 406,South Kelseytown,Michigan
368,Charles Blackburn,976-78-9102,44-6219436,70408 Shannon Bridge Suite 608,Hortonfort,Indiana
369,Christina Cherry,915-74-4582,24-6646425,2505 Horne Lodge Apt. 052,Nixonborough,Arizona
370,Julie Mckee,966-81-3178,01-8677131,191 Allen Viaduct Suite 157,Michelefurt,South Dakota
371,Sarah Wright,999-83-5151,25-8273581,241 Megan Trace,Stacybury,Wyoming
372,Gina Wall,982-97-8367,31-3659743,080 Chloe Unions,South Nancyburgh,Tennessee
373,Nathan Taylor,993-72-0765,95-8432927,290 Barajas Causeway,West Joel,New York
374,Jason Pitts,917-83-3204,53-5891890,84194 White Walks Suite 726,Lake Robertport,Oklahoma
375,Kimberly Murphy,990-83-4668,80-4046191,4527 Susan Meadow,Langville,Texas
376,Craig Crawford,935-78-3468,25-9936477,744 Nichols Inlet Apt. 874,Richardchester,New Hampshire
377,Roger Lee,981-74-3581,50-7208161,930 Woodard Ramp Suite 242,Elainebury,Iowa
378,Barbara Mckay,937-82-3352,14-5099959,89875 Jacobs Coves Suite 842,Mcleanchester,Oklahoma
379,Phillip Sanchez,984-83-1716,32-0446737,867 Jamie Squares Suite 805,Heathermouth,Arkansas
380,Isaac Young,952-72-6958,87-3279332,92431 Brett Roads,Millerstad,Wisconsin
381,Brian Carson MD,988-85-3871,20-5341641,078 Miller Ridge Suite 542,Lake Dennisstad,Maine
382,Charles Hernandez,991-75-4266,81-2888986,573 Anne Crescent Suite 064,Port Jennifer,Wyoming
383,Yvonne Glass,920-70-2213,12-1020307,686 Gonzalez Plaza Apt. 074,Townsendfurt,Utah
384,Andrew Le,953-92-3273,98-8387759,65306 Smith Way,South Abigail,New York
385,Carolyn Hall,937-98-3174,45-9930639,83160 Santos Isle,Andrewtown,Maine
386,Nathaniel Lewis,940-81-2974,90-9043970,2818 Mark Shoal Apt. 150,North Melissa,Wyoming
387,Rebecca Campbell,918-78-6022,34-0863046,9885 Freeman Summit Apt. 210,Morganport,Kentucky
388,Timothy Martin,918-76-7024,85-8870745,364 Baxter Extension,North Madisonchester,Montana
389,Mark Jordan,954-73-3570,22-8923301,109 Amy Brooks,Lake Steven,Colorado
390,Eric Alexander,946-97-4180,05-3991685,178 Shelton Square,East Rebeccaton,North Dakota
391,Walter Ramirez,931-79-5481,74-9147707,2788 Hughes Skyway Suite 367,New Michelefurt,Utah
392,Stephanie Hanna,978-76-4506,34-1952951,26638 Macdonald Springs,Catherinehaven,Pennsylvania
393,Adrienne Wells,973-96-1116,41-9499319,2288 Cynthia Manors,New Sarahchester,Pennsylvania
394,Ryan Mccormick,984-99-8382,51-6324212,5272 Angela Point Apt. 835,Angelaborough,Wyoming
395,Adam Foster,994-92-5695,95-4794374,35644 Parker Landing Suite 780,Port Melissa,Florida
396,Cody Cook,963-86-7392,82-6902487,72256 Reed Circle Apt. 107,Ryanview,North Carolina
397,Michael Harrison,938-90-3858,63-8205132,00549 Justin Forest Suite 999,Tracybury,Florida
398,Kathryn Travis,922-79-2830,02-0663845,6819 Lauren Springs,South Christopherland,Indiana
399,Daniel Williamson,911-75-5685,27-0006173,3872 Michael Oval,East Teresa,Arizona
400,Amanda Flores,988-83-1342,57-7740681,110 Alan Port,Boyertown,Oregon
401,Andrea Scott,981-98-2948,59-2810649,6337 Alicia Drive Suite 056,Lake Michaeltown,Wyoming
402,Vicki Moore,961-81-6214,35-0065468,08732 Martinez Rue,Port Austinview,New Jersey
403,Shannon Santana,917-96-9396,58-1564697,8206 Katherine Islands Apt. 264,Melissamouth,Delaware
404,Michelle Lawrence,923-75-9149,43-9609871,52933 Thomas Squares Suite 463,Brownborough,Maryland
405,Kathleen Cooley,906-73-8638,53-5556813,6901 Mason Plaza Apt. 385,Lake Lisa,West Virginia
406,Amanda Rosales,934-92-3642,67-5904983,67463 Michelle Path,Port Tricia,Vermont
407,Amanda Stewart,956-73-8815,73-2330787,096 Stephanie View,Port Loganmouth,South Dakota
408,Christina Mckenzie,946-98-6127,26-9051732,296 Cohen Port,East Matthew,North Dakota
409,Robin Jones,920-80-9214,66-6254427,43585 Tina Port,Lake Calvinburgh,Colorado
410,Amy Russell,930-76-4633,52-7070301,0392 Murphy Wells,New Jessica,Utah
411,Heather Morgan,999-99-4106,73-1908127,54370 Armstrong Valley Apt. 962,Danielberg,Washington
412,Allen Scott,939-99-9577,72-2412164,121 Thompson Groves Suite 292,Wigginsland,Connecticut
413,Jeffery Cardenas,928-96-0854,14-9184240,48305 Zachary Trafficway,Port Joanne,Maryland
414,Sarah Jones,910-80-9814,53-2252737,38921 Smith Causeway Suite 517,Nicolemouth,Virginia
415,Nicholas Cooper,983-76-6265,38-7928617,28052 Hart Fords,Ramostown,Wyoming
416,Mr. John Johnson,986-78-6707,01-7563050,9255 Stanley Greens Apt. 971,Amandaport,Michigan
417,Andrew Finley,955-85-4889,43-0308993,8270 Christopher Stream Apt. 553,Johnsonville,Washington
418,Carrie Johnson,934-75-9679,58-4420209,66947 Wesley Extension,Port Mark,Iowa
419,Mr. Michael Moran,910-75-3876,21-3422757,04197 Betty Haven,Wrightburgh,Nevada
420,Robert Brown,940-78-0268,98-2117157,707 Hill Lakes Suite 392,Stephentown,Iowa
421,Devin Coleman,900-96-3083,03-9148097,1516 Kelly Garden Apt. 793,South Gabrielmouth,North Carolina
422,Faith Acosta,973-78-2319,05-9504836,331 Timothy Haven Apt. 808,Kingland,Illinois
423,Lorraine Jacobs,905-79-1855,41-3041104,03128 Meadows Plaza Apt. 336,Bryanbury,North Carolina
424,Corey Page,944-76-7483,95-4416173,544 Martin Burgs,Ingramtown,Ohio
425,Michael Moore,965-96-2251,76-8381371,2643 Stevenson Ways,Port Frankview,Kansas
426,Gregory Hernandez,954-98-6901,31-0834659,4416 Pruitt Walk,North Crystal,New Jersey
427,Deanna Smith,911-85-3851,26-9721769,803 Nicholas Crescent,East Susan,Illinois
428,Ricky Wilson,931-78-1013,34-5008529,858 Fitzgerald Prairie Apt. 189,Port Brianmouth,Connecticut
429,Carol Sparks,901-71-6732,81-1738263,032 Brian Ramp,North Jasonport,Kansas
430,David Schultz,936-86-4320,20-7892095,97390 Morrow Fords,Lake Kaylatown,Kentucky
431,Misty Gomez,998-86-1913,21-6998848,6372 Castro Hill,Davidstad,Georgia
432,Kristen Blevins,931-95-8878,40-6063707,16691 Fisher Walks,Wongberg,Oregon
433,Clarence Maldonado,937-79-7763,61-8001294,909 Kane Squares,Montgomerybury,Maryland
434,Rachel Wilson,932-81-5636,67-5706881,7758 Curtis Roads,West Joshua,Kansas
435,Valerie Hartman,922-99-3863,30-0141823,13657 Dennis Station Suite 956,Reynoldsland,Minnesota
436,Tiffany Duffy,955-87-5773,13-4958340,2704 Heather Forges Suite 690,West Davidtown,New York
437,Andrew Lucas,985-71-2419,02-3007714,6283 Amber Lights,East Markshire,Colorado
438,Michael Lee,946-95-4670,58-6382989,947 Miller Inlet,Weaverborough,Nevada
439,James Taylor,997-96-2379,35-5517863,874 Carpenter Station,Port Aprilburgh,Iowa
440,Robert Morrison,992-87-5349,52-5223887,3255 David Lock,Lake Susan,Colorado
441,Luis Mcmahon,961-90-5032,81-3901379,7748 Melissa Forest Suite 771,Coreyville,Nebraska
442,Robert Lucas,955-92-2667,93-4603086,61399 Price Wall,South Madelineland,Rhode Island
443,Jessica Hudson,945-75-3429,83-9688225,981 Kramer Locks Suite 945,Port Manuel,Arizona
444,Zachary Stewart,936-82-7328,94-6680258,21891 Lisa Ridge Apt. 036,Ayalaburgh,Utah
445,Lisa Rogers,901-96-2112,34-0924039,7072 Carl Courts Suite 470,Ericbury,Hawaii
446,Kayla Fox,988-82-1098,41-3988752,74838 Griffith Points,South Shannonborough,New York
447,Kimberly Mathews,955-84-7656,57-4048358,6271 Maria Parkways,North Deanna,Vermont
448,Miranda Reese,924-78-2875,91-4153025,01102 Santana Mountains Apt. 415,Devinstad,Massachusetts
449,Amber Frye,951-96-0968,91-9429023,41030 Bailey Ridge Suite 828,Scottfort,Indiana
450,Charles Taylor,907-96-9054,14-7249298,96432 David Terrace Apt. 002,North Kayla,Massachusetts
451,Heather Martin,923-76-0887,61-3503351,7513 Derek Trail Suite 586,Lisaberg,Oregon
452,Kevin Tyler,995-87-9222,05-5200916,108 Tiffany Mountain Apt. 754,Sheriport,New Jersey
453,Julie Bailey,980-86-8950,42-9493721,719 Tiffany Inlet,New Justin,Maine
454,Mark Dyer,980-94-7738,68-3460618,5620 Bishop Islands,Lake Jamesport,Iowa
455,Angel Turner,960-74-7772,36-1512162,7119 Wilson Terrace,Amandaburgh,Idaho
456,Lisa Phillips,973-91-1155,81-5662337,74468 Mathis Drive Suite 036,Melissashire,Michigan
457,Paul Martin,967-77-7646,98-6915394,980 Donna Meadow,Sandovalborough,Maryland
458,Lisa Hurst,967-91-2544,99-7039185,2771 Claudia Squares,Carlfurt,Minnesota
459,Tammy Ray,944-95-3090,15-0865517,453 Rice Ways,East Audreychester,Arkansas
460,Steven Castillo,919-80-3543,62-8051879,641 Chris Ville,Port Daniel,Colorado
461,Stephen Price,968-91-3832,66-4313439,828 Powell Oval Suite 251,East Josephhaven,Wisconsin
462,Heather Ho,943-88-9717,48-1813319,1563 Katie Highway,South Aaronton,Delaware
463,Mr. Christopher Martinez,934-85-3886,83-7710951,511 Thompson Ridges Suite 681,Joshuahaven,New Jersey
464,Raymond Mueller,969-81-4446,20-4779354,74746 Howard Ranch,Parkerchester,Wyoming
465,Thomas Black,985-72-0506,01-9011200,655 Moreno Canyon,Johnsonland,Vermont
466,Gregory Walker,927-78-3465,38-2111589,558 Shawn Cove,West Jamesmouth,Massachusetts
467,Jessica Ellis,958-73-4818,23-4412438,8434 Nathan Hills,Aaronchester,Kentucky
468,Adrian Benitez,999-79-9196,60-4338570,17240 Jeffrey Inlet Suite 418,Josephborough,Texas
469,Bryan Price,985-86-9274,56-4309058,24474 Christine Springs Apt. 628,Maldonadomouth,Alaska
470,Darrell Vasquez,947-71-5446,53-3474714,76376 Chad Ridge Apt. 586,East Stephaniemouth,West Virginia
471,Lauren Meadows,910-75-2093,36-8876911,34349 Hardy Burgs,Hernandezville,Colorado
472,Robert Yates,930-78-1392,60-7477882,02196 Mays Club,North Eric,Texas
473,Mary Huynh,965-96-5091,27-9853672,5867 Victor Ridge,Matthewsville,New Jersey
474,Erica Baird,914-87-0546,40-4686772,937 Washington Camp,Wrightfort,Oregon
475,Michelle Macdonald,995-94-1664,85-7735917,5853 Mary Burg Apt. 766,Danielton,Colorado
476,Rachel Nichols,963-97-9477,01-6862682,0377 David Key,South Rachel,Rhode Island
477,Melanie Jones,975-70-1864,13-5241309,4628 Frank Plains Apt. 381,Nicolefurt,Georgia
478,Ms. Debra Smith,906-70-7207,71-4955650,06709 Jesus Pass,North Ryantown,Virginia
479,Mary Smith,906-74-1229,88-0149342,93737 John Forks Suite 537,Sanchezmouth,Mississippi
480,Jason Freeman,909-95-0919,59-3618217,4964 Smith Spurs Suite 923,Lisamouth,Florida
481,Amanda Downs,979-98-4693,13-1626210,972 Fisher View,Jennifershire,Oklahoma
482,Kimberly Leon,934-95-1134,21-4490068,41330 Rachel Road Apt. 694,West Amanda,South Carolina
483,Kathleen Brown,922-85-7966,68-3861611,975 Sean Circles Suite 401,North Rhonda,Georgia
484,Melanie Allen,941-99-4227,93-8282038,456 Newton Rue Suite 813,Dillonmouth,Delaware
485,Douglas Spears,970-78-5015,15-0479026,7777 Laura Rapids Suite 158,Charlesmouth,Georgia
486,Anthony Ayala,912-95-7906,63-1905006,051 Davis Creek Suite 077,Port Evantown,Alabama
487,Michelle Briggs,901-78-8570,91-5351821,5900 Richard Ferry,Grantport,Washington
488,Michael Ortiz,942-99-6440,20-3259644,65082 Anna Key Apt. 639,Bradfordville,Vermont
489,Joseph Miller,920-90-9036,81-7182551,55086 Jonathan Road,North Sarahshire,Connecticut
490,Natalie Taylor,975-74-5411,92-8086119,88966 Colon Lodge,New Brianland,Wyoming
491,Mary Nelson,927-79-5953,06-1804917,89293 Darin Views Apt. 760,East Garystad,Montana
492,Scott Zamora Jr.,916-98-4278,16-1621179,06453 Jones Rapids Apt. 698,East Samuel,Illinois
493,Becky Long,946-72-2010,10-3865027,4252 Hebert Oval Suite 720,Millerview,Colorado
494,Eric Fields,993-85-0885,53-6786542,9795 Colleen Shore Suite 551,Cunninghambury,Florida
495,Charles Beck,923-95-9759,87-8470763,23029 Mark Street Suite 889,Hendersonfort,Michigan
496,Bethany Gonzalez,923-97-0116,32-2179509,443 Jennifer Roads Suite 375,North Micheal,New York
497,Taylor Robbins,907-83-3005,30-8992929,18288 Stephanie Key,Lake Lauren,Nebraska
498,Meredith Mills,939-86-3862,62-4281054,47031 Laura Way,Angelabury,Pennsylvania
499,Emily Buchanan,975-92-3171,93-3810161,51138 Chapman Ridges Apt. 877,Port Adriennemouth,Connecticut
500,Mr. John Gallagher,987-86-2368,33-5948476,81118 Michelle Ville Suite 588,Joneston,South Carolina
501,Rhonda Sanders,965-78-6205,85-0702408,952 Alex Cove Apt. 462,West Davidside,Louisiana
502,Heather Johnson,914-92-3108,42-6186614,98646 Pamela Mills Suite 873,Timothyhaven,Connecticut
503,Joe Landry,990-88-5410,61-0079254,4264 Wright Loaf,North Jimshire,Utah
504,Phillip Fowler,949-84-5722,82-6737546,619 Dixon Valleys,Gomezfort,Georgia
505,Keith Andrews,932-90-0278,92-8086989,74451 Roberto Track,Jennifermouth,Utah
506,Sonya Jones,908-99-7969,66-1803246,020 Tammy Corners Apt. 267,Port Veronica,Wisconsin
507,Matthew Andrews,905-88-4882,58-3169797,457 Medina Haven,Kevinstad,Mississippi
508,Amber Hughes,969-98-3448,38-3862355,63002 Rice Park Suite 777,Beckerbury,Vermont
509,Miguel Freeman,957-92-0914,01-3224992,27765 Regina Drives,West Francischester,Oklahoma
510,Jamie Porter,998-74-4647,58-5080261,236 Adriana Ranch,Calebstad,California
511,Katherine Ramos,959-74-6865,65-6251660,6759 Smith Parkway,Morganborough,North Dakota
512,Mark Jones,924-88-8644,13-3560815,5887 King Groves Suite 147,Danielberg,Alabama
513,Monica Wong,928-75-1710,82-2423545,631 Paul Ports,West Heather,Tennessee
514,Joseph Whitaker,929-94-3232,86-8340604,942 Flowers Glens Suite 006,West Brandonview,New York
515,Krista Morales,907-80-8064,71-4847971,3119 Richard Ways,Calebport,Montana
516,Melissa King,983-86-1047,68-6077440,13393 Sara Ville,New Sarahport,Idaho
517,Lisa Stone,955-94-7922,44-9704447,4441 Young Squares Apt. 740,New Kevinbury,Nebraska
518,Tracey Ortiz,987-75-6462,12-7226030,201 Angela Isle Suite 346,Cardenasfurt,Kentucky
519,Alejandra Jackson,986-92-6377,10-0606166,54207 Timothy Prairie,Michaelberg,West Virginia
520,Marcus Perez,967-72-5205,35-0119510,880 Melinda Coves,Moranside,Minnesota
521,Sarah Bryant,911-75-0079,22-6511650,33341 Randall Burg,West Jeffreymouth,Illinois
522,Oscar Washington,920-70-4664,95-9528303,767 Gregory Vista Suite 874,West Mindystad,Ohio
523,Casey Lowe,933-85-2674,33-3586771,1374 Debra Street,Ericland,Massachusetts
524,Christopher Crawford,917-99-2627,48-9800060,0430 Terrell Plains,Nashside,Maryland
525,Eric Vasquez,948-98-4008,27-8273310,62064 Benjamin Flats Apt. 992,Thomasland,South Dakota
526,Melissa Jimenez,978-86-1693,43-4983484,9503 Jasmine Squares Suite 705,North Joshuamouth,Utah
527,Donna Evans,983-94-0556,83-1111262,974 Elizabeth Unions Apt. 604,Evanshaven,Texas
528,Jerry Martinez,901-79-8352,44-5771927,5285 Ashley Crest Suite 018,Clarkberg,Tennessee
529,Thomas Berg,912-90-6342,80-2569592,424 Rodriguez Key Apt. 870,North Natalieville,North Dakota
530,Jose Holt,971-98-5152,62-4632649,47323 Williams Rest Apt. 223,Josebury,Oregon
531,Scott Franklin,971-82-1598,68-6855975,01116 Kimberly Trail Apt. 228,Wayneton,New York
532,Anthony Nguyen,976-95-2660,85-6306029,43166 Kevin Brooks,South Williemouth,Oklahoma
533,Christina Wright,986-99-4395,57-6462883,924 Jennifer Shoal,Taylorborough,Florida
534,Monique Castillo,947-71-2456,57-3985471,01048 David Key,Lindafurt,Alabama
535,Lisa Collins,980-81-1816,16-7300464,1746 Schwartz Trafficway,East Catherinehaven,Minnesota
536,Justin Neal,916-84-0147,72-3863879,912 Jennifer Lock,Barronside,California
537,Sonya Jackson,917-71-6423,36-3565528,868 Cunningham Meadow,Fullerport,Minnesota
538,Allison Ray,990-96-4599,94-6778271,3423 Solomon Islands,West Zachary,New York
539,Ashley Jones,945-96-5328,63-0305703,831 Webb Ranch Suite 993,Robinsonchester,Hawaii
540,Derek Guzman,948-73-0081,57-4446191,7822 Oliver Ferry,New Kimberly,Illinois
541,Jessica Mcdonald,919-76-9496,74-2150391,228 Atkins Port Apt. 837,Port Paul,Montana
542,Heather Salazar,963-72-4741,36-0987061,740 King Circle Apt. 179,North Stevenville,Idaho
543,Misty Logan,963-73-2381,86-7828392,873 Mann Path,North Emilyside,Minnesota
544,Nicole Porter,970-75-9568,82-1352752,48583 Samantha Orchard,Brianhaven,Iowa
545,Amanda Duncan,902-74-2358,94-5362453,39519 Jones Ridge Suite 902,Port Victor,Colorado
546,Margaret Reese,954-86-5551,76-0536090,35194 Allen Stream,Olsonbury,Montana
547,Stephanie Kim,910-87-5612,36-5546313,61459 Kathy Loaf Suite 070,North Laurachester,Nebraska
548,Christine Pratt,917-92-2026,22-7156978,38835 Aguilar Curve Apt. 654,East Victoria,Alabama
549,Eric Davis,971-91-7246,86-0847891,87107 Blackburn Expressway,Williamsonside,Oregon
550,Taylor Medina,921-98-7490,99-4294942,13763 Andrew Crossing,New Nicholasborough,Vermont
551,Cassandra Cross,944-85-3821,15-3006225,92836 Barry Coves,Lake Johnville,Georgia
552,Melinda Rogers,947-97-2732,26-1241349,94506 Anderson Unions,Port Jeremiah,North Carolina
553,Jeanne Duran,941-86-5061,14-8428371,47365 Tina Brooks Apt. 785,Dylanfurt,Arkansas
554,Maria Velasquez,900-80-0420,76-1836854,85794 Odom Forest,South Katherine,Kentucky
555,George Rice,926-83-6782,42-8435011,2429 Cody Lights,Port Michael,South Carolina
556,Natasha Dodson,947-85-9862,15-1657112,2138 Castro Extension Apt. 144,East Nicholas,Rhode Island
557,Mary Guzman,981-71-8289,65-5553223,81326 Ashley Square Suite 270,Whitehaven,California
558,Holly Jones,949-96-9021,34-4063355,997 Sutton Common,West Kimberly,North Carolina
559,Steven Turner,991-86-9980,95-1719592,65193 Douglas Pine Suite 760,New Jenniferhaven,Nevada
560,Tyler Washington,980-90-8440,60-5195669,8122 Shannon Terrace,South Kimberly,Vermont
561,Brandon Thompson,941-87-6597,87-6640199,397 Watts Lake Apt. 759,Carmenville,South Carolina
562,Charlotte Phillips,924-78-7442,06-0997426,1343 Rojas Stream Suite 146,East Nancytown,Florida
563,Lisa Rodriguez,974-78-0810,75-1332534,66367 Sherry Dale,Pageland,Alaska
564,Scott Johnson,912-73-5287,20-4157468,79975 Flores Knoll Suite 593,North Teresa,North Dakota
565,Jeff Martinez,949-85-8230,56-3921707,3009 Karen Shoal,East Kyle,Kentucky
566,Kristina Holland,939-80-7466,02-7593014,2485 Murphy Trail,Yolandaland,West Virginia
567,Madison Marshall,960-86-9359,91-1736627,7325 Rodriguez Haven,West Samuel,North Carolina
568,Rachel Hawkins,921-73-0510,90-7004971,8272 Serrano Fort Suite 059,Carterhaven,Alaska
569,April Alexander,925-99-4389,06-4263236,2744 Nunez Courts,Meganmouth,Maine
570,Jordan Douglas,930-81-5578,60-4704977,99853 Hendricks Crossroad,Jamesview,North Dakota
571,Jesus Burch,924-98-5785,98-4633994,696 Davis Mission,Davidshire,Florida
572,Richard Stone,934-91-6251,66-1284234,9901 Jacobson Ramp,West Joannebury,Kentucky
573,Juan Lee,912-91-4471,71-7759042,178 Chan Views,South Amy,Virginia
574,Wanda Pruitt,993-80-5132,91-5718209,165 Ruth Freeway,New Katieton,Missouri
575,Roger Greene,928-72-8618,92-4679245,862 Larson Plaza Suite 600,Reedhaven,Tennessee
576,Emily Black,939-80-7173,04-9221311,36401 Davis Court Suite 425,Lake Coryberg,Montana
577,Jessica Santiago,911-79-4719,22-1121431,13826 Angela Brooks,Port Shawn,Massachusetts
578,Michelle Hernandez MD,902-71-1709,94-2760270,79262 Dylan Camp,Stantonview,Louisiana
579,Cynthia Murray,908-94-6052,59-7021245,7369 William Springs Apt. 478,Aliciachester,Arkansas
580,Melanie Simmons,941-78-3560,22-9434658,44521 William Ridges Apt. 440,Destinytown,Mississippi
581,Janice Lara,959-96-4951,75-4274785,26460 Curtis Estate Apt. 173,Lefurt,New Jersey
582,Gloria Walters,956-97-0333,86-7980512,597 Watkins Avenue,East Valerieburgh,Texas
583,Victor Hernandez,997-85-4716,95-9296796,953 Amber Mill Apt. 204,North Jennifer,Utah
584,Andrew Torres,990-86-1595,71-2298096,84807 Harrison Greens,Cruzchester,Virginia
585,Jason Rivas,950-97-1978,36-5270206,919 Hamilton Common Apt. 501,Lake Christopherhaven,Idaho
586,Scott Brown,920-78-5975,73-7541549,791 Rodriguez Trail Suite 516,Martinezshire,North Carolina
587,Joseph Lee,972-96-3648,95-4387405,1134 Courtney Walk,Georgeport,Iowa
588,William Hayes,900-70-1747,99-2676359,78156 Gutierrez Park,Adamstad,Hawaii
589,Kevin Perez,926-74-5313,58-2256444,9288 Jones Point Suite 160,East Melissa,New Jersey
590,Katie Wade,965-82-4433,57-5882008,44158 Todd Coves,Lisafurt,Iowa
591,Marissa Wagner,933-78-5114,20-5152490,07843 Anthony Union,East Crystal,Georgia
592,Jillian Stephens,994-94-2700,74-6036651,84792 Miller Meadows Apt. 188,Marioville,Tennessee
593,Kyle Lucas,940-77-4543,26-5222334,9044 Charles Field,Dwaynefurt,West Virginia
594,Paul Elliott,971-87-1183,15-3934365,783 Vincent Point Apt. 141,East Justinstad,Florida
595,Timothy Gonzales,988-92-9315,65-3605739,77260 Andrea Trace,Lake Lauren,Kentucky
596,Casey Miller,931-77-8079,32-8202283,8582 Bennett Run,Sarahstad,Montana
597,William Jones,950-94-9092,66-9376858,1953 Miller Prairie,South Keith,Illinois
598,James Tanner,981-97-7346,93-1536590,3063 Ricardo Village Suite 322,South Jenniferview,Maryland
599,Joseph Stevenson,910-92-9894,40-0675131,001 Jared Stream Apt. 719,Riverabury,Wyoming
600,Amanda Gonzales,993-81-6529,50-5303154,8134 Dorsey Bypass,New Charlesmouth,South Carolina
601,Eric Moore,967-96-8309,54-3105630,46933 Larry Square,Timothychester,Pennsylvania
602,Gary Caldwell,983-70-8703,65-0692493,85773 Reed Stravenue,Maryton,New York
603,Curtis Webb,994-84-5186,65-1870122,63668 Randy Oval Suite 265,East Keithshire,Arkansas
604,Clifford Daniels,905-80-8602,22-5424698,8075 Garcia Ford Apt. 039,South Erica,Maryland
605,Carrie Chambers,978-99-6023,32-8864710,5952 Peggy River Apt. 913,Hernandezview,Wyoming
606,John Le,956-79-2339,35-1684517,847 Madison Greens,Butlerbury,Arkansas
607,Danielle Walker,914-97-3207,04-6250733,820 Douglas Centers,Hallmouth,Tennessee
608,Steven Johnson,928-83-5578,84-8125136,801 Little Valleys Suite 308,Lake Robertoberg,Illinois
609,Kathleen Richardson MD,902-80-0162,86-9563464,039 Brown Skyway Apt. 738,West Taraside,Montana
610,Valerie Clark,990-71-5710,44-1365106,797 Bennett Pike,North James,Illinois
611,Dr. Jack Swanson,920-70-4951,34-5468576,8019 Smith Freeway Suite 870,West Nicholastown,Michigan
612,Joy Petersen,948-87-8715,41-0630179,3148 Debra Harbors,Rodriguezburgh,Arkansas
613,Diana Floyd,910-91-9247,45-4478733,64979 Christopher Crescent Apt. 147,Stephaniebury,Minnesota
614,Aaron Jackson,981-83-8652,98-7365962,539 Garcia Green Apt. 995,Lisatown,South Carolina
615,Brett Phillips,998-92-0954,55-8077170,57410 Kelly Green,New Samanthafort,Connecticut
616,James Alexander,937-71-9678,27-6933295,194 Alejandro Curve Suite 796,East Cameron,North Dakota
617,James Collins,951-98-6491,50-5917780,4742 Lauren Mall Suite 668,Reedhaven,Delaware
618,Rachel Anderson,965-78-2523,40-0300752,895 Randy Ford,Christopherberg,Massachusetts
619,Catherine Mcmillan,937-72-4595,77-8538278,404 Ellis Rapid,West Carolynfort,Oklahoma
620,Evan Nicholson,946-84-0767,04-1493405,2319 Christopher Haven Suite 683,Collinshaven,Rhode Island
621,Edward Johnson,910-75-9861,14-8937941,271 Munoz Mountain,Craneberg,West Virginia
622,James Thompson,908-81-7067,77-3708369,0005 Long Causeway Apt. 799,Port Shelly,Indiana
623,David Hatfield,909-84-0380,45-6726487,262 Jones Knoll,Daviston,Tennessee
624,Michelle Gonzalez,929-73-0327,48-2543786,124 Michael Oval Suite 358,Lake Luke,West Virginia
625,James Jones,943-71-7802,87-9682359,85170 Lin Springs Suite 988,West Timothy,Maryland
626,Amy Hicks,931-97-9507,71-0201446,238 Heather Glens,Cruzland,Georgia
627,Louis Stanton,942-94-9151,34-2418362,577 Olivia Forges Apt. 596,East Deborah,Wyoming
628,Ashley Avila,995-72-1751,93-9025521,1586 Rebekah Valley Suite 052,South Kylefurt,Massachusetts
629,Victoria Berry,915-91-4943,36-7988761,442 Alexander Drive,Tranland,Tennessee
630,Kayla Reyes,953-72-4101,66-1113681,236 Murray Fork,Eduardoborough,Illinois
631,Lisa Hanson,974-95-1851,31-6698142,15207 Walker Crossroad Suite 430,North David,Hawaii
632,Nathan Griffin,901-95-7392,27-8124906,1256 Wilson Forest Apt. 969,Williamsshire,North Dakota
633,Rebecca West,985-98-0669,61-9601835,42414 Smith Springs,Chunghaven,Wisconsin
634,Justin Singh,978-82-7506,04-2635918,741 Savage Causeway,Lake Kylechester,Oregon
635,Geoffrey Barron,999-90-0242,34-6657749,962 Collins Village,North Aaronton,Missouri
636,Hunter Anderson,940-86-6611,83-5217481,5131 Annette Center Apt. 030,Anthonychester,Massachusetts
637,Richard Ritter,980-72-1305,71-3907360,0424 Greene Plaza,North Darren,Delaware
638,Erica Steele,948-91-0083,45-9996775,8447 Lauren Glen,West Richardburgh,California
639,Christopher Mitchell,991-98-9213,38-1325753,683 Williams Expressway,Stephenville,Louisiana
640,Joseph Carpenter,933-84-8603,60-5834299,051 Michael Circle,East Karenmouth,Louisiana
641,Karen Johnston,924-77-7429,06-5770161,85041 Richard Skyway Suite 301,Jamesshire,Montana
642,Jacob Barrera,957-73-1679,10-8941993,98552 Michael Valleys,Port Jeffreystad,West Virginia
643,James Allison,941-87-1212,02-8236332,756 Montoya Oval,East Terrimouth,Utah
644,Timothy Martin,959-91-3805,20-7138352,2758 Smith Landing,Cynthiaborough,Iowa
645,Brittany Moore,940-83-0516,30-4823512,85386 Lopez Wall,Grayburgh,Delaware
646,James Ortiz,944-77-1355,15-3762755,45106 Mcpherson Crescent Suite 011,Joshuachester,Minnesota
647,Robert Morgan,927-82-3212,73-4975121,4504 Christopher Cliffs,Grantville,Montana
648,Kristine Chen,925-85-4888,36-5489518,7841 Holly Springs,Adrianville,Indiana
649,Michael Saunders MD,947-97-0661,51-3255573,070 Jessica Shores Apt. 086,Doyleshire,Illinois
650,Stephen Jones,921-81-2755,02-6136350,4936 Kelley Mission,East Mark,Alabama
651,Robert Nichols,976-74-6737,86-5454455,4738 Berger Union,West Brittanystad,New Hampshire
652,Jim Watts,971-99-5232,10-5025042,752 Laura Plain,South Bradleyport,Oklahoma
653,Robert Walters,948-78-0688,60-8066701,57982 Paul Village Apt. 057,Evanshaven,New Hampshire
654,Gregory Sparks,991-86-1521,52-2624315,58634 Michael Extension Apt. 910,South Stacy,South Dakota
655,Anthony Graves,991-87-8886,45-0993256,90661 Thomas Union,Rachelhaven,New Jersey
656,Tyler Pratt,911-70-1275,06-6680640,693 Wayne Fork Suite 142,South Patrick,Tennessee
657,Tina Stanley,931-78-8813,77-8298133,102 Jackson Place,New Bryanbury,Oregon
658,Stephanie Jarvis,987-84-2071,88-3011208,05537 Simpson Route,East Eric,Utah
659,Emily Sanders,907-76-1677,54-0908361,89173 Scott Club,Matthewsland,New Hampshire
660,Michael Ortega,908-73-2515,50-1468150,195 Carla Bypass Apt. 341,Erikachester,Vermont
661,Bailey Jackson,934-77-2229,56-7084253,499 James Spurs,Phillipsland,Vermont
662,Joseph Bates MD,960-74-8064,31-5246629,46242 Parsons Locks Apt. 637,Steveberg,Tennessee
663,Cody Montes,973-74-6335,42-0422662,595 Robert Throughway Suite 962,Johnsonport,Tennessee
664,Karen Williams,964-71-0835,31-6805283,785 Simon Cape Suite 348,Lake Eugeneside,Missouri
665,Mary Myers,965-76-2250,52-2707131,146 Gail Plaza Suite 267,North Devintown,Virginia
666,John Harris,967-98-3832,43-3516711,75281 Madison Harbor Apt. 174,New Saraville,Arkansas
667,John Williams,987-77-9141,94-0019145,510 Mcgrath Harbor Suite 773,Marcton,Oregon
668,Frank Garcia,964-91-3717,41-3538190,578 Norris Plain,South Howardside,Virginia
669,Laura Smith,982-74-7371,58-1882297,2076 Evelyn Fall Suite 959,New Lindseyton,New York
670,Mandy Davis,903-98-6361,02-1815961,558 Molina Pass,Richardhaven,Mississippi
671,Jim Garza,964-88-2922,13-2690020,81595 Christie Flats,Carterbury,Oklahoma
672,Michael Hawkins,960-83-5908,24-6057436,994 James Passage,Sarahview,New Hampshire
673,Adam Ingram,971-74-9732,25-0377204,00774 Dwayne Vista Apt. 530,West Hollyshire,Oklahoma
674,Shawna Brown,985-78-8742,65-6018067,6076 Joshua Brooks,Ericburgh,Hawaii
675,Melissa Rios,968-86-2382,93-2601617,3022 Chase Knoll Apt. 268,Edwinville,North Dakota
676,Samuel Lopez,966-91-2761,51-5489488,275 Shepard Isle Apt. 140,Mooretown,Alaska
677,Jesus Mckay,963-85-4082,73-1992243,44694 Amanda Field,Larryhaven,Arkansas
678,Derrick Douglas,958-79-0584,46-6899000,985 Lee Throughway Apt. 685,Lake Annafurt,Minnesota
679,Tyler Sharp,914-94-3071,22-8147859,740 Mary Row,Royfurt,Arizona
680,Michael Webb,970-87-6726,23-5922168,53218 Ford Fork Suite 405,East Michael,Connecticut
681,Amanda Campbell,940-78-7336,53-6349429,3303 Daryl Inlet,Dayton,Vermont
682,Cynthia Stewart,957-99-0278,84-9082936,5615 Paula Shoals,West Casey,Maryland
683,Christine Bartlett,948-84-3424,11-5042096,72173 Dennis Drive,Tylerview,Massachusetts
684,Donna Montgomery,923-76-1316,34-3599386,216 Rivera Bridge Suite 826,East Kennethburgh,Oklahoma
685,Jason Francis,983-84-8465,15-3838927,1684 Edward Garden Apt. 058,Halestad,Delaware
686,Sergio Schneider,918-96-9108,02-3098439,3584 Robinson Road,Garrettfurt,North Carolina
687,Tyler Wilkerson,947-79-7000,30-6073133,410 Patrick Knolls,Port Natalie,Oregon
688,Alison Hill,909-84-0832,62-1370033,0169 Yolanda Dale Apt. 948,Brookebury,Missouri
689,Nicholas Wolfe,955-95-1122,22-4557541,28667 Spencer Lights,West Williamside,North Carolina
690,Lisa King,957-72-3278,39-9971025,9427 Moreno Cove,Hoganbury,Alaska
691,David Vega,953-92-3493,68-3279476,337 Estrada Viaduct Apt. 955,Russellfort,Nevada
692,Mr. Harold Powers DDS,943-71-4357,73-3665459,6099 Anna Land,South Raymondbury,South Dakota
693,Julie Martin,906-92-9237,88-6574726,4809 Bryan Parkway,Campbellberg,Montana
694,Mrs. Chelsea White,928-81-9049,04-0251930,67645 Herrera Squares,Alexandrabury,New Jersey
695,Michael Miller,988-71-6624,66-0055213,79719 Elizabeth Overpass,Foleyshire,New York
696,Mitchell Sharp,980-75-8266,41-6104017,1758 Robles Tunnel Suite 898,West Jacob,Wyoming
697,Casey Weber,900-81-5929,11-6199586,8273 Smith Mountains,Vasquezberg,Hawaii
698,Brooke Kane,953-72-2033,85-9209137,6673 Brown Mountains Suite 664,Choichester,California
699,Gary Jarvis,901-77-7438,41-5382126,2154 King Plain,Popeborough,Utah
700,Jose Santiago,917-91-1278,92-8404002,48064 Erin Pass Suite 733,New Jeffreychester,Nevada
701,Ralph Adkins,903-75-2264,27-0788533,263 Li Turnpike,Eddiebury,Hawaii
702,Scott Patton,908-72-2821,45-5878225,38500 Barnes Port,Villaport,Massachusetts
703,Matthew Cervantes,910-94-2183,87-1803307,855 Taylor Burgs Suite 020,Charlesfurt,Massachusetts
704,Geoffrey Hernandez,997-74-5856,01-8984947,7943 Rodriguez Trace,South Paul,New Hampshire
705,Ashley Graves,922-78-7267,39-4438980,04197 Rodriguez Flat,West Sandyview,Wisconsin
706,Martin Daniels,968-83-7683,21-7647814,974 Rhodes Keys Suite 229,Patrickmouth,California
707,Karen Hunter,995-72-8539,50-6388919,79837 Williams Burgs,Lake Susan,South Dakota
708,Danielle Salazar,936-84-9791,32-0070299,17165 Jodi Stravenue,East Juan,Kansas
709,Christopher Bennett,902-79-4665,68-5349219,7578 Nicole Expressway,Kyleport,Massachusetts
710,Joseph Martin,904-81-8167,88-2255921,665 Garrett Islands Suite 363,Watkinsstad,Delaware
711,Amanda Anderson,945-84-0863,20-6323007,17922 William Row,East Jameschester,Maine
712,Timothy Williams,983-87-0009,67-4903716,566 Norma Oval,East Kimberlychester,Washington
713,Grant Gallegos,949-79-3191,47-7227735,9613 Mcdaniel Key Apt. 579,New Jasonland,Texas
714,Dr. Jennifer Hawkins,900-98-1222,57-6300027,698 Roger Wall Suite 374,West Stephanieport,Illinois
715,David Torres,927-78-7855,90-1654518,4290 Kathy Knolls Suite 413,Lake April,Missouri
716,William Hardin,952-95-1406,22-9930214,1723 Johnson Way Suite 600,Lake Ryanmouth,California
717,Laurie Rodriguez,979-88-8142,32-3288156,95683 Leslie Parks,East Rodney,South Carolina
718,Jaclyn Garza,981-98-4988,45-5955835,206 Stephanie Forks Apt. 603,Allisonland,California
719,Timothy Reese,944-95-2730,59-5234710,04854 Bryant Branch,Lake Lindsey,Minnesota
720,Christopher Douglas,969-79-7970,10-6249319,42827 Elizabeth Greens,New Dustin,Wisconsin
721,Mrs. Amber Robbins,910-85-7812,54-3829338,01892 Kenneth Union Apt. 101,Roachtown,Louisiana
722,Jacqueline Aguilar,942-91-5226,85-6664289,681 Hector Coves Suite 126,South Rebecca,Connecticut
723,Joseph Reed,976-75-9958,67-9908878,13026 Ramsey Corners Suite 157,New Marcshire,Tennessee
724,Amy Garrett,981-81-4016,90-7066996,241 Ruben Street,Houseport,Michigan
725,Loretta Davis,933-96-4558,50-6195265,161 Brian Spur Suite 175,East Zacharyland,Wyoming
726,Ashley Serrano,970-75-2913,21-6063413,237 Fields Parks Apt. 046,East Danielborough,Montana
727,Aaron Jackson,904-74-7460,55-3262024,31624 Colleen Track,South Jonathan,Delaware
728,Julie Arnold,987-90-2076,75-9038208,002 Michael Turnpike Suite 774,Riverabury,Illinois
729,Allison Watkins,952-96-3001,20-0670875,22949 Jenkins Orchard,Paulfort,Arizona
730,Kevin Ford,959-92-6910,42-0972743,4394 Maxwell Mountain Suite 015,North Jonathan,Idaho
731,Holly Smith,946-84-6239,44-1480070,5663 Erin Bridge Apt. 479,West Williamchester,New Jersey
732,Melanie Hodges,935-81-0376,33-0079345,71963 Daniel Islands,Elizabethtown,New Jersey
733,Heidi Stewart,991-85-2809,35-6228092,71717 Knight Ports,Gardnerberg,Illinois
734,Christopher Brooks,983-95-6916,32-3844674,531 Lindsey Valleys Apt. 479,South Annberg,Oregon
735,Nicolas Contreras,981-73-6400,62-9006596,84984 Bennett Groves,West Catherinechester,Vermont
736,Gene Ibarra,980-84-6692,04-2374696,45980 Michelle Spurs Suite 767,Lake Kennethmouth,Louisiana
737,Erik Welch,998-98-1916,77-2599007,4472 Veronica Place,Nathanburgh,Michigan
738,Daniel Ellis,906-95-4493,85-4489203,85229 Amanda Drive Suite 542,Andersonview,Maryland
739,Russell Smith,951-77-9176,52-5106530,3256 Brittany Freeway Suite 045,Sarahmouth,Texas
740,Shannon Hudson,992-91-3529,94-7911891,2822 Kyle Junctions,East Martin,Wisconsin
741,Alicia Garza,915-86-9607,94-7585833,88053 Hernandez Ports,Montoyaside,Wisconsin
742,Joseph Kline,994-77-4743,42-5292683,21795 Danielle Pines,Robinsonport,Idaho
743,Juan Colon,955-74-8762,68-3251487,0533 Erin Point Suite 761,Faulknerview,Colorado
744,Matthew Hamilton,935-92-7219,74-6058802,29220 Wright Divide,Levinemouth,Louisiana
745,Matthew Smith,941-97-0830,59-8855887,5133 Shane Gateway,Samanthafurt,Kentucky
746,Michael Burns,961-94-8003,50-1926010,3812 Cunningham Mission,Hectorfort,Alabama
747,Anthony Wright,957-86-9106,98-3330865,07679 Ryan Springs Suite 295,Jonesfurt,Michigan
748,Henry Lawson,928-87-9762,41-6679182,971 Christina Radial Apt. 570,Joytown,Oklahoma
749,Kerri Spencer,993-94-6602,32-9736058,299 Benson Fall,Port Amymouth,New Mexico
750,Andre James,934-70-1400,95-4566180,49458 Wyatt Points,Davisstad,Wyoming
751,Mark Gray,991-90-4048,57-7880235,0264 Carpenter Centers,South Samuel,New Jersey
752,Cody Fischer,944-83-0099,86-9283102,899 Richard Corner Suite 061,Lake Cory,South Carolina
753,Sarah Mcmillan,937-87-8892,94-0657556,166 Patrick Inlet,West Andrewmouth,Colorado
754,Lisa Fowler,943-77-5899,57-7290065,6845 Timothy Garden,Wardberg,Utah
755,Mark Johnson,976-88-6923,13-4552885,6985 Roman Crossroad,Kennethchester,Maine
756,David Jones,983-79-2211,43-3300602,4811 Mayer Unions,Adamsland,Arizona
757,Aaron Dean,956-85-6618,55-0834733,1022 Christopher Coves Suite 980,Samuelport,Washington
758,Brenda Hunter,912-75-7787,88-8552053,352 Harris Centers,North Catherinefurt,Arkansas
759,Jorge Mason,994-74-6020,94-1311362,8274 Davis Fork,East Michele,Pennsylvania
760,Tasha Strong,983-82-0456,24-7037985,653 Jade Harbors,Danielchester,Missouri
761,Dennis Mason,998-99-0142,05-2540298,276 Nicole Shores,South Christopher,Rhode Island
762,Frank Jefferson,939-83-1794,41-6631106,151 Frederick Unions Suite 778,Torresfort,New Jersey
763,Craig Solomon,976-87-6921,40-6800436,92005 Amanda Bridge,Collinstown,Delaware
764,Anthony Summers,996-94-4857,94-1588262,03330 Snyder Lights,East Jenniferbury,Arizona
765,Luke Black,982-75-2457,20-5418488,071 Smith Vista Apt. 637,East Paulland,Maryland
766,Laura Lee,954-96-1358,52-7513784,7610 Christopher Extension,Lake Vanessashire,New York
767,Susan Wang,958-87-4706,87-3709307,0490 Kirby Coves Apt. 495,Brettport,Alaska
768,Diane Giles,963-71-1978,82-8125419,09003 Elizabeth Meadow,West Brandonshire,Missouri
769,Shannon Parrish,995-83-0643,48-2903032,5408 Rhonda Ways Suite 649,Brandonmouth,Wisconsin
770,Nicholas Mccullough,944-72-8761,45-9837516,8790 Jeff Extension,North Grantchester,Nebraska
771,Shawn Horton,952-81-5894,26-8314140,2357 Ronald Valleys Apt. 209,South Calebfurt,Mississippi
772,Lisa Estrada,949-83-2443,32-9365794,0469 Davis Wells,Lake Roberttown,Utah
773,Jennifer Roberts,967-83-7213,61-0316562,6530 Danny Ridges,East Holly,Arizona
774,John Davis,980-80-0764,93-4463812,324 Lonnie Glen,Lauraview,West Virginia
775,Maria Wang,989-81-9848,83-3192836,563 Ortiz Isle Apt. 122,North Alexmouth,Florida
776,William Wall,955-70-4500,22-9452128,9074 Matthew Wells Apt. 325,North Mark,Massachusetts
777,Ashley Willis,987-80-7608,98-6581502,1667 Hernandez Crescent,Cobbfurt,California
778,Tiffany Buck,951-85-4939,37-4844114,18197 Williams Pine Apt. 091,Reginaldton,Oregon
779,Tina Schmidt,986-91-7256,94-5257846,38730 Torres Knoll,West Michellefurt,Connecticut
780,Linda Wyatt,911-77-6809,50-9553085,9012 Hubbard Isle Suite 369,Littlemouth,Vermont
781,Valerie Cortez,973-87-0327,44-0627177,31469 Karen Causeway Apt. 467,Port Dawn,Wyoming
782,Brandi Levine DVM,978-78-0731,46-8711896,94006 Dylan Port,South Debra,North Dakota
783,Jennifer Sims,916-79-1943,32-6777705,73854 Francis Valleys Suite 586,North Juanside,Rhode Island
784,Sandra Burns,985-88-3433,15-5984599,4960 Berg Lane Suite 986,New Larryshire,Kansas
785,Jean Hernandez,942-98-0096,72-6129608,0311 Lopez Walk Suite 747,Toddport,Idaho
786,Emily Sharp,909-77-9280,47-1562687,8388 Robert Views,Smithborough,Massachusetts
787,Brandi Reyes,945-73-5863,34-5315687,05448 Christopher Valleys Suite 217,Gonzalezport,Texas
788,Tracy Flowers,917-72-9675,03-6692737,682 Garza Lodge Suite 301,North Janet,Connecticut
789,Tammy Roth,999-96-8243,64-9740262,61020 Burton Throughway,Wisefort,New Mexico
790,Anita Ramirez,937-73-3318,22-2336921,0415 Jimenez Ways Apt. 152,Nelsonfort,Kansas
791,John Scott,938-74-8842,24-3530465,5515 Matthew Street Suite 117,Dianemouth,New Jersey
792,Abigail Reynolds,947-77-1809,23-1909346,441 Larsen Fort Apt. 823,Erikburgh,Oregon
793,Mary Jackson,907-78-8031,24-1965020,68739 Samuel Extensions Suite 851,Savannahside,Washington
794,Lisa Contreras,915-80-9211,32-7300228,6921 Sarah Flat Suite 305,North Thomasberg,Wyoming
795,Kathryn Webb,938-99-8646,34-5139058,75656 Rachel Cliff,Christopherchester,Alaska
796,Kevin Cruz,953-70-5802,36-5758585,0273 Amber Keys Apt. 468,South Josephmouth,Indiana
797,Ricky Clark,995-70-6762,98-7981024,82429 Amanda Heights Suite 257,New Sarah,South Dakota
798,Courtney Garcia,963-79-4288,63-1096422,093 James Throughway,Lake Tylertown,Maryland
799,Tiffany Berg,909-77-3779,98-1053027,5195 Mcpherson Mountains Apt. 173,Hahnshire,New Jersey
800,Richard Buchanan,960-76-4232,14-6874008,01555 Valerie Ville,Thompsonland,Delaware
801,Valerie Glass,942-78-7794,45-9435241,99310 Perkins Ford,New Isaiah,West Virginia
802,Melody Wiggins,958-96-9126,06-6014547,12902 Sean Valleys Apt. 591,West Wendy,Mississippi
803,Sandra Powell,955-75-9020,20-6897078,3753 Victoria Forest,Jacquelinefort,Delaware
804,Megan Day,943-91-1681,90-5634286,5553 Linda Valley Apt. 111,Paulton,New Jersey
805,Dalton Higgins,943-98-8328,42-8484314,674 Lindsay Plaza,West Kimberly,Nevada
806,Jennifer Marsh,971-81-4072,63-8587825,747 Robin Cliffs,Lake Andrea,Washington
807,Angela Rowe,975-97-5733,65-4463470,44360 Hicks Landing,West Christopher,Texas
808,Isabel Lucas,979-83-7912,46-3396079,2866 Santiago Glens,West Ruthburgh,Iowa
809,Jessica Reyes,941-94-0785,80-9839836,1673 Brandon Flat,Careyfort,Oklahoma
810,Angela Thompson,940-95-6168,85-2739025,297 Baird Cape,Lauraland,Kentucky
811,Brady Lopez,952-91-5916,80-6653789,4980 Ferguson Estate,New Susan,New Mexico
812,William Howard,971-73-5520,05-0254231,54323 Ward Light Apt. 336,Turnerchester,Maryland
813,Heather Hall,974-86-8534,02-3784735,234 Miguel Crossroad,Jamesshire,Iowa
814,Xavier Taylor,943-88-0352,44-6072186,1212 Ortiz Canyon,Rosebury,Rhode Island
815,Jimmy Perry,963-80-4410,13-0540472,64899 Peter Junctions,Harrisborough,Georgia
816,Jamie Lewis,987-90-9784,38-1845393,18841 James Avenue Suite 919,Kellyside,Wyoming
817,Linda Walker,945-95-9814,93-2708708,271 Lee Groves Apt. 667,South Emilyville,Kentucky
818,Barry Greer,979-96-1972,64-6227238,11501 Smith Ford,Christopherland,Washington
819,Susan Dixon,981-96-0896,90-9429658,163 Karen Land Suite 718,West Amy,Illinois
820,Heidi Cohen,939-71-0560,06-0318309,8169 Michael Run,East Johnport,Maryland
821,Theresa Black,956-98-9331,39-4843697,543 Anderson Court Apt. 507,Paulfort,Nevada
822,Gabriella Shelton,921-82-0863,74-9146420,828 Nolan Cliff Suite 815,Rosemouth,Virginia
823,Dale Smith,988-80-6916,38-4190359,27664 Tony Mount,Nicoletown,Oregon
824,Steven Ho,974-74-0450,74-6638908,25175 Jamie Stream Suite 199,South Danielle,California
825,Daniel Myers,966-98-5350,86-1153248,05203 Morris Hills Suite 671,West Ryan,Nebraska
826,Matthew Torres,944-79-7963,98-8091792,357 Burnett Village Suite 272,New Joshua,Oregon
827,Corey Greer,901-97-7936,06-0081037,730 Watson Ports,Hamiltonville,Connecticut
828,Wendy Kelly,942-90-3229,43-6306924,119 Margaret Tunnel Apt. 818,South Julieton,New Hampshire
829,Linda Dunn,964-77-9665,25-2497244,8021 Lamb Harbor Suite 975,East Deborah,Hawaii
830,Nicole Smith,900-92-9682,75-0836360,0547 Jesse Lights Apt. 470,South Debraland,Iowa
831,Alejandra Bell,915-72-7715,58-4862693,76347 Camacho Inlet Suite 059,Lake Michaelfurt,Minnesota
832,Brian Patrick,976-86-5217,12-7620628,0192 Craig Club,Lake Reginald,South Carolina
833,Benjamin Hubbard,931-74-4995,56-4901296,637 Bowers Ford,East Adam,Mississippi
834,Mr. Jose Houston,910-88-2126,35-7255802,87017 Harper Stream,East Nancyshire,Tennessee
835,Angela Donaldson,956-83-9224,90-0341221,489 Austin Stream,Brooketown,Maryland
836,Leslie Palmer,990-82-9036,16-7319100,6082 Jackson Mountains,Lake David,Indiana
837,Julian Patterson,962-72-4571,54-0281565,3053 Novak Summit Suite 069,Jaclynburgh,Maryland
838,Kimberly Li,947-71-2586,58-1708784,68586 Parker Harbor,West Morgantown,Arizona
839,Emily Gamble MD,944-74-6552,51-1390645,46768 Martin Plain,Charlesland,Rhode Island
840,Holly Henderson PhD,932-96-5938,77-9244349,804 Montoya Lane,North Richardburgh,Maine
841,Maria Gordon,935-71-9283,92-1969708,719 Gabrielle Springs Suite 592,Jessicaside,Florida
842,Jermaine Brown,941-73-7948,72-9421614,00123 David Meadow Suite 542,Williamview,Wyoming
843,Denise Ramirez,942-77-4750,92-6262433,21660 Mark Route Apt. 800,Lake Jessica,Utah
844,Anthony Holt,921-71-8656,24-2540032,083 Lisa Gardens,Pricefurt,North Carolina
845,Joseph Elliott,924-90-1338,06-1275671,94970 Vincent Via,Floydhaven,Mississippi
846,Sarah Smith,971-86-9593,40-1559669,5162 Janet Hills Suite 452,Bonniemouth,Florida
847,Jessica Taylor,920-88-7767,23-0929998,107 Lewis Villages,West Jamesside,Vermont
848,Ashley Maldonado,950-76-1494,58-2731619,1568 Amy Square Suite 298,Williamsfurt,New Hampshire
849,Ariana Graves,931-77-4505,80-6747460,463 Tammy Forge,East Mark,Nevada
850,Thomas Fisher,933-95-5727,27-4966512,10450 Richard Plaza,Thomasstad,Georgia
851,Matthew Walters,927-73-3487,61-5118710,98087 Hall Spring,Lake Patricktown,Maryland
852,Michael Arnold,940-88-4534,24-0766002,839 Williams Crossing,South Phillip,Kansas
853,Maria Baker,924-97-6804,34-8062353,39032 Ross Oval Suite 363,Port Bryan,Idaho
854,Ricky Wang,998-71-2585,43-9042031,119 Rodriguez Village Suite 496,West Brianchester,North Dakota
855,Jordan Newman,973-78-1445,32-7951788,960 Quinn Loaf,Brookechester,South Carolina
856,Tamara Russell,932-74-5881,12-2245237,647 Dodson Causeway Suite 271,South Robertmouth,Oregon
857,Caitlin Ross,988-98-0985,82-5777366,6239 Teresa Courts,Port Shannonfurt,New Hampshire
858,Tracy Young,917-79-2956,72-9592327,50461 Maria Divide,West Michael,South Dakota
859,Brett Ramirez,975-86-6717,94-2380215,4264 Lowery Point,Schneiderville,West Virginia
860,Heather Carr,911-76-4588,01-3112663,33879 Clark Bridge,Tuckerchester,Virginia
861,Joshua Perez,934-72-2687,10-4608923,7689 Grimes Center Suite 943,Leeberg,Idaho
862,Ryan Hartman,974-76-1231,51-6400860,0101 Peck Motorway Suite 860,Port Kimberly,Missouri
863,Emma Jones,990-72-2129,30-9143909,122 Carrillo Mill Apt. 823,Jacksonbury,Vermont
864,Elizabeth Marquez,944-99-0563,68-9993808,77610 Randy Ports Suite 323,Port Regina,Louisiana
865,David Evans,988-99-9934,39-4214950,88731 Alison Wells Apt. 622,Johnburgh,South Carolina
866,Alexis Bell,971-85-3383,59-2101274,9591 Adams Plaza Suite 280,Alanland,Wyoming
867,Tracy Jackson,985-87-0646,02-3393720,9606 Sean Summit Apt. 712,Jacobtown,Montana
868,Barbara Martinez,911-87-2102,44-0863065,87000 Jessica Islands,West James,Arkansas
869,Jonathan Smith DDS,907-91-8686,44-9126774,6602 Wendy Wells Apt. 630,Osborneborough,Idaho
870,John Mann,937-83-0405,43-8767894,06780 Sandra Wells,Angelahaven,Vermont
871,Tina Holt,939-85-7366,73-3330631,60140 Kristie Shores Suite 882,Andrewview,Kansas
872,Donna Chavez,988-83-8822,46-1118730,67531 Martha Lights,Port Abigail,Virginia
873,Joseph Valdez,997-87-4462,71-2208809,82307 Matthew Inlet Suite 880,West Nicholasburgh,California
874,Charles Mcdaniel,976-77-5766,67-5721441,0292 Atkins Mill,Shepherdchester,Delaware
875,Karen Richardson,903-84-9565,57-3430775,8374 Randall Keys Suite 247,New Maryfort,Connecticut
876,Carol Donaldson,917-83-7518,06-4882566,7761 Dean Key Apt. 109,Lutzton,Wyoming
877,Annette Andrews,964-82-7347,65-7914980,56815 Donald Garden,Rodriguezside,Connecticut
878,Kathleen Farmer,951-72-9255,68-9695773,9579 Thomas Crossing Apt. 918,Sarahton,South Dakota
879,Ashley Meyer,908-91-3062,38-6144662,87454 Jacobs Dam,North Stevenmouth,Arkansas
880,Pamela Keller,976-83-0681,82-1446723,7364 Elizabeth Plaza Suite 157,Sarahmouth,Oklahoma
881,Mary Lewis,916-85-7013,48-3491791,189 Holly Mountains,Judychester,Delaware
882,Brandon Brown,983-88-3002,32-0793437,805 King Dale,Lake Steven,Delaware
883,Phyllis Coleman,959-85-5341,36-4683541,9733 Shannon Crescent,New Jamesbury,Iowa
884,Emily Morales,976-76-6561,88-8740312,25141 Cox Forges,Tracyborough,Wisconsin
885,Lisa Jones,963-70-2796,14-7307315,840 Frye Track Apt. 717,Butlerburgh,Wyoming
886,Ms. Cheryl Wilkerson,958-87-0401,55-4310982,96686 Thomas Flats,New Dana,Arizona
887,Robert Thompson,979-90-6274,71-8519015,2183 Smith Inlet Suite 289,Lopezberg,Maine
888,Lisa Crosby,984-84-2331,46-0089990,2145 Tara Place Apt. 448,Austinmouth,Illinois
889,Jessica Ware,906-91-3593,43-2349620,08205 Juan Neck Suite 174,Lake Laura,Iowa
890,Vicki Thompson,963-73-4515,05-8751212,6244 Paul Turnpike Apt. 621,South Timothy,Washington
891,John Walker,919-79-5318,68-2430841,584 Janet Centers,West Shannonfurt,Pennsylvania
892,Emily Wade,953-70-4868,33-7969747,101 Joyce Courts Apt. 830,Amandafort,West Virginia
893,Karen Thornton,988-88-7720,32-8632464,814 Robert Dam Apt. 432,South Albert,Oregon
894,Alison Reynolds,994-90-2616,73-2677359,48072 Bobby Mount Suite 804,West Judytown,Alabama
895,Meghan Mueller,976-99-1535,84-0025043,9076 Flores Roads Suite 901,Martinezstad,Tennessee
896,Paul Cobb,994-72-7163,66-1356719,8997 Thompson Coves,Andrewschester,Ohio
897,Melissa Ray,957-97-4571,13-8090449,27968 James Path Apt. 537,Denisestad,Oklahoma
898,Stephanie Holden,917-97-4772,66-3162472,7327 Wright Alley Apt. 003,Port Amandabury,Massachusetts
899,Maureen Hardy,983-71-2877,54-9407670,3137 Mclaughlin Curve,Oneillmouth,New York
900,Mr. Dustin Moore,937-88-3132,52-7927683,31645 Tommy Drive,Port Nancyshire,California
901,Michael Mills,984-75-2718,52-0680602,640 Baldwin Prairie Suite 538,Robertochester,Indiana
902,Amy Phillips,934-72-7674,27-9274668,147 David Inlet Apt. 769,West Ryan,Michigan
903,Luis Mills,903-94-7245,54-0933112,7032 Ruiz Ramp Apt. 267,South Christopher,Delaware
904,Stephanie Campbell,933-97-8290,33-3984672,28563 Karen Mill,New Dennis,Tennessee
905,Kimberly Smith,986-84-7385,22-9784130,6548 Christian Lake,South Jake,West Virginia
906,Cody Sloan,929-83-4718,60-6354654,25984 Green Grove Apt. 853,Jamesfurt,California
907,Adam Rubio,945-72-8630,56-2147138,2810 Wilson Greens Apt. 804,Erikaland,Tennessee
908,Derrick Ramirez,944-94-4082,14-5836391,10137 Destiny Road,Anthonyton,Tennessee
909,Deborah Holmes,979-74-5726,95-3330048,5813 Gomez Lane,New Juliebury,Alaska
910,Joseph Welch,973-85-5733,27-5639082,7310 Andrew Valleys,South Tonyburgh,Kentucky
911,Brandon Johnson,930-72-0113,84-4220559,10954 Reynolds Island Apt. 544,Samuelfort,Georgia
912,Robert Clark,910-80-7210,41-8726623,16378 Ballard Center,South Daniel,Tennessee
913,Tracy Stone,906-71-8818,86-4574357,037 Joan Stravenue,North Charlenebury,Maine
914,Nicholas Martin,987-98-1095,71-7699463,0217 Alicia Corner Apt. 414,Charlesland,South Carolina
915,Travis Hall,999-88-2456,24-5907747,944 Mitchell Squares,Port Stefaniefort,Maryland
916,Andrew Ramos,903-78-1687,05-1425632,88183 Barker Union,Debrahaven,Georgia
917,Paula Mack,940-72-3054,73-7997392,9013 Gordon Spur,Moralesmouth,California
918,William Romero,951-70-2296,36-9201389,7500 Kristen Mountains,Tranberg,Colorado
919,Michelle Henderson DDS,936-84-2436,99-0457531,288 Justin Port Suite 120,Stevenland,Georgia
920,Tammy Franklin PhD,965-96-6634,26-4000529,2436 Hunt Trafficway Suite 441,East Shelbyborough,Mississippi
921,Kelly Owens,999-99-2458,77-8320700,349 Alexander Ranch,New Molly,Missouri
922,Robert Schultz,993-82-6101,36-4961425,65696 Kelly Valleys Apt. 687,Josephhaven,West Virginia
923,April Smith,976-72-7202,56-3607259,235 Cox Pass Apt. 109,New Kenneth,Florida
924,Angel Wallace,925-79-2492,60-3589067,28172 Krista Cliff Apt. 241,Perezville,Arkansas
925,Tammy Stephens,968-76-5277,98-3332761,26064 Potts Road,Richardston,New Mexico
926,Robin Ramos,959-84-2385,35-5907463,199 Berry Hills Apt. 391,East Keithfort,Massachusetts
927,Harry Frazier,982-94-5524,31-8022277,230 Nielsen Orchard Apt. 688,Michaelchester,Indiana
928,Carmen Saunders,959-77-1260,81-1832382,4377 Wise Springs Apt. 738,Jessicafurt,Alaska
929,Melissa Dixon,952-92-7421,63-9839514,2604 Michael Parks Apt. 749,Annaton,Tennessee
930,Jennifer Brown,927-95-6135,41-2052293,061 Kathy Island,Brianborough,Delaware
931,Michael White,947-99-2673,20-1772244,39512 Randall Centers Apt. 315,Lake Mercedes,Connecticut
932,Justin Wall,942-91-3020,05-4511842,5408 Johnny Gardens,New Andrewside,New Hampshire
933,Oscar Phillips,902-92-8270,34-6924429,343 Kelley Drive,Bentleyburgh,Oklahoma
934,Kathryn Yang,987-90-1432,14-2050138,62499 Hannah Mills Apt. 312,New Tiffanyfort,Tennessee
935,Jared Brown,996-85-3321,30-8574047,87487 Beth Lodge,Patrickfurt,Virginia
936,Gina Vasquez,968-99-2558,42-3102800,08441 Noble Locks,Lake Courtney,New Hampshire
937,Destiny Johnson,996-83-6433,30-6450010,64782 Debra Lock Apt. 570,North Cheryl,Oklahoma
938,Cheyenne Stephens,954-70-2008,68-4916155,5916 Benjamin Pine Suite 786,New Aaron,Wyoming
939,Ronald James,997-81-1534,23-5057750,21391 Anna Park Suite 895,Lake Jared,Texas
940,Ashley Aguirre,910-87-4337,27-0114416,5056 Cynthia Spurs,Forbesmouth,Massachusetts
941,Michael Peck,933-88-3074,31-6058454,217 Jillian Mills,New Pamelaview,Indiana
942,Emily Vasquez,906-75-8608,03-7190844,42345 Reed Mountain Apt. 967,Jamesview,North Dakota
943,Justin Melendez,959-82-7954,33-0297340,0703 James Mountains,Freemanshire,Nebraska
944,Morgan Smith,911-90-6723,47-9204201,30284 Diane Junctions Suite 672,New Kyle,Nevada
945,Mark Rice,901-77-8934,71-2034109,8909 Matthew Points Apt. 593,Gonzalezville,New Mexico
946,Kimberly Rice,972-91-8411,43-5526187,5489 Robert Harbor,South Zacharyfurt,South Dakota
947,Caitlin Jordan,917-79-5046,57-4677026,87879 Hall Overpass Apt. 733,Anthonymouth,Illinois
948,Christopher White,934-94-3362,30-9417538,9055 Douglas Field,Kellyhaven,California
949,Kimberly Colon,910-73-2941,75-6153511,36811 Daniel Mission,West Monica,Wisconsin
950,Tricia Booth,970-71-1143,46-1657196,833 Williams Curve Suite 846,Lake Andrew,Idaho
951,Karen Walters,951-85-6228,75-2200386,64316 Tamara Terrace Suite 568,Schmidtfurt,Maine
952,Jeffrey Pierce,958-85-2687,05-9528071,899 Adrian Light Suite 770,North Brittanytown,Texas
953,Brian Farmer,934-77-7004,85-6976206,62790 Janice Pines,Port Rachaelbury,West Virginia
954,Christopher Davis,963-76-2332,03-0774667,22249 Smith Street,Erinview,Vermont
955,Matthew White,970-94-7047,61-3862350,8962 Gardner Mountain Apt. 926,Sherylview,Ohio
956,Austin Mitchell,977-88-2254,88-1882224,66407 Brian Lakes Suite 634,Erinview,Vermont
957,Jonathan Murphy,975-92-4896,58-5838272,9136 Christopher Forks Apt. 235,Vancehaven,Arizona
958,Michael French,937-94-4125,94-5745041,318 Barber Common,Port Sandraville,Oklahoma
959,Jennifer Conrad,912-99-2728,03-5059056,51508 Cook Mountain Suite 800,New Benjaminfurt,Wisconsin
960,Monica Buck,911-84-9885,39-0807374,97125 Williamson Shores,West Denisetown,North Carolina
961,Edward Quinn,942-92-6787,44-0273755,55126 Robert Spurs,Carlosstad,Illinois
962,Jacob Huynh,973-97-3198,47-7452519,4163 King Trace Apt. 082,New Gregory,Delaware
963,Crystal Ross,971-83-2792,22-0952533,63409 Harvey Terrace,Sanchezton,Florida
964,Amy Casey,980-76-9983,47-4410019,659 Wood Rest Suite 975,Andrewfurt,New Hampshire
965,Paula Morrison,950-73-3193,75-7520311,6925 King Common Suite 756,Lake Crystal,New Hampshire
966,Michael Brewer,933-95-2756,12-7131181,87911 Harris Lock,North Elizabeth,Kentucky
967,Brenda Davis,985-95-5247,16-5853268,70610 Peters Mountain Suite 053,West Henry,Alabama
968,Dennis Hunt,986-81-5643,65-2958283,34510 Graves Via Apt. 509,Tiffanyfort,Oregon
969,Sharon King,976-73-6456,74-4251329,26452 Margaret Spurs Suite 440,Haleychester,Wisconsin
970,Mr. William Black MD,964-95-3453,21-7964840,0385 Charles Roads Suite 255,Travisfurt,Tennessee
971,Edwin Carlson,932-97-3339,72-2652702,667 Matthew Loop Apt. 106,Ryanfort,Connecticut
972,Carrie Williams,993-84-7639,60-7739249,1588 Jacob Neck,East Kayla,Maine
973,Patricia Scott,963-73-9617,72-6756687,1452 Smith Mountains Suite 918,South Jessicastad,Alabama
974,Tony Dominguez,910-82-4796,72-9726534,69424 Massey Drive,Blevinsbury,New York
975,Steven Larson,904-81-5370,80-6344064,994 Wood Loop,Mcdonaldshire,Oregon
976,Philip Fry,998-76-6756,22-2894400,28817 Miller Plaza,Brownberg,West Virginia
977,Matthew Weiss,942-77-5029,55-0103987,0000 Gallegos Wells,Lake Elizabeth,Idaho
978,Matthew Hunter,939-87-4552,43-4578674,30235 Andrea Square Suite 177,Ortegaton,California
979,William Le,967-75-0011,71-7021810,826 Tiffany Ramp,Andradetown,Illinois
980,Brian Mcclain,977-87-2020,13-2108043,7992 Heather Springs,New Jacobton,Washington
981,Perry Lloyd,996-83-3868,13-9244513,44337 Jonathan Hill,North Mary,Iowa
982,Jason Lopez,981-76-2524,40-9816852,980 Erica Divide,Kellyville,Maryland
983,Samantha Austin,948-86-4683,50-5506652,4244 Espinoza Divide,Teresaville,Florida
984,Kimberly Moreno,932-92-6382,45-5997451,962 Beth Heights,New Christopherberg,Missouri
985,Sharon Anderson,950-70-7165,45-2549561,5447 Francisco Spur,New Amber,Washington
986,Lisa Nichols,945-94-0079,88-9912048,7218 Perry River,Port Jared,Colorado
987,Elizabeth Bates MD,913-75-9539,83-7676825,41007 Velasquez Points,Jonesborough,Michigan
988,Derek Lopez,991-80-4903,80-2592268,464 David Canyon Suite 783,Yuview,Arkansas
989,Thomas Wheeler MD,926-94-8892,74-9064620,2609 Vasquez Mountains,Susanton,Alaska
990,Ann Gutierrez,963-80-1824,22-7259441,88489 Macdonald Plains Apt. 859,West Michaelville,Ohio
991,Kimberly Dickerson,979-92-0747,54-6649726,9875 Williams Valleys,Catherinebury,Kansas
992,Roger Williams,961-96-6529,22-9361082,7412 Richard Drives,Lauraville,Massachusetts
993,Tammy Palmer,997-76-3274,91-6657278,45606 Clarke Mountains Apt. 728,North Wesley,West Virginia
994,Leah Navarro,979-85-7966,23-5092346,7278 Alisha Dam,Melissafort,Maine
995,Danielle Garner,915-77-6521,60-7916662,9612 Jill Stravenue Suite 641,Gardnerfort,Georgia
996,Matthew Moore,971-79-9723,51-4135107,73562 Jenkins Groves Apt. 140,South April,California
997,Chloe Summers,948-97-6678,45-0397147,75930 Dawn Fall Apt. 052,Morrisfort,Alaska
998,Anthony Hodge,907-82-6046,13-0927705,13569 Elizabeth Courts Suite 426,East Taylor,Kansas
999,Juan Peterson,928-74-7701,23-7921894,700 Ramirez Mountains Suite 119,South Jamie,Texas
